units=u:percent;%;;;
Rainforest AHUR5_MinVlvPos -   [%]
ID, TIMESTAMP, TRENDFLAGS, STATUS, VALUE, TRENDFLAGS_TAG, STATUS_TAG
173688, 2025/10/01 00:00:00, 0, 0, 0, { }, {ok}
173689, 2025/10/01 00:15:00, 0, 0, 0, { }, {ok}
173690, 2025/10/01 00:30:00, 0, 0, 0, { }, {ok}
173691, 2025/10/01 00:45:00, 0, 0, 0, { }, {ok}
173692, 2025/10/01 01:00:01, 0, 0, 0, { }, {ok}
173693, 2025/10/01 01:15:00, 0, 0, 0, { }, {ok}
173694, 2025/10/01 01:30:01, 0, 0, 0, { }, {ok}
173695, 2025/10/01 01:45:00, 0, 0, 0, { }, {ok}
173821, 2025/10/01 02:00:00, 0, 0, 0, { }, {ok}
173822, 2025/10/01 02:15:00, 0, 0, 0, { }, {ok}
173823, 2025/10/01 02:30:00, 0, 0, 0, { }, {ok}
173824, 2025/10/01 02:45:00, 0, 0, 0, { }, {ok}
173825, 2025/10/01 03:00:00, 0, 0, 0, { }, {ok}
173826, 2025/10/01 03:15:01, 0, 0, 0, { }, {ok}
173827, 2025/10/01 03:30:00, 0, 0, 0, { }, {ok}
173828, 2025/10/01 03:45:00, 0, 0, 0, { }, {ok}
173829, 2025/10/01 04:00:00, 0, 0, 0, { }, {ok}
173830, 2025/10/01 04:15:00, 0, 0, 0, { }, {ok}
173831, 2025/10/01 04:30:00, 0, 0, 0, { }, {ok}
173832, 2025/10/01 04:45:01, 0, 0, 0, { }, {ok}
173833, 2025/10/01 05:00:00, 0, 0, 0, { }, {ok}
173834, 2025/10/01 05:15:00, 0, 0, 0, { }, {ok}
173835, 2025/10/01 05:30:00, 0, 0, 0, { }, {ok}
173836, 2025/10/01 05:45:00, 0, 0, 0, { }, {ok}
173837, 2025/10/01 06:00:00, 0, 0, 0, { }, {ok}
173838, 2025/10/01 06:15:00, 0, 0, 0, { }, {ok}
173839, 2025/10/01 06:30:00, 0, 0, 0, { }, {ok}
173840, 2025/10/01 06:45:00, 0, 0, 0, { }, {ok}
173841, 2025/10/01 07:00:00, 0, 0, 0, { }, {ok}
173842, 2025/10/01 07:15:00, 0, 0, 0, { }, {ok}
173843, 2025/10/01 07:30:00, 0, 0, 0, { }, {ok}
173844, 2025/10/01 07:45:00, 0, 0, 0, { }, {ok}
173845, 2025/10/01 08:00:00, 0, 0, 0, { }, {ok}
173846, 2025/10/01 08:15:00, 0, 0, 0, { }, {ok}
173847, 2025/10/01 08:30:01, 0, 0, 0, { }, {ok}
173848, 2025/10/01 08:45:00, 0, 0, 0, { }, {ok}
173849, 2025/10/01 09:00:00, 0, 0, 0, { }, {ok}
173850, 2025/10/01 09:15:00, 0, 0, 0, { }, {ok}
173851, 2025/10/01 09:30:00, 0, 0, 0, { }, {ok}
173852, 2025/10/01 09:45:00, 0, 0, 0, { }, {ok}
173853, 2025/10/01 10:00:00, 0, 0, 0, { }, {ok}
173854, 2025/10/01 10:15:00, 0, 0, 0, { }, {ok}
173855, 2025/10/01 10:30:01, 0, 0, 0, { }, {ok}
173856, 2025/10/01 10:45:00, 0, 0, 0, { }, {ok}
173857, 2025/10/01 11:00:00, 0, 0, 0, { }, {ok}
173858, 2025/10/01 11:15:00, 0, 0, 0, { }, {ok}
173859, 2025/10/01 11:30:00, 0, 0, 0, { }, {ok}
173860, 2025/10/01 11:45:00, 0, 0, 0, { }, {ok}
173861, 2025/10/01 12:00:00, 0, 0, 0, { }, {ok}
173862, 2025/10/01 12:15:00, 0, 0, 0, { }, {ok}
173863, 2025/10/01 12:30:00, 0, 0, 0, { }, {ok}
173864, 2025/10/01 12:45:00, 0, 0, 0, { }, {ok}
173865, 2025/10/01 13:00:00, 0, 0, 0, { }, {ok}
173866, 2025/10/01 13:15:00, 0, 0, 0, { }, {ok}
173867, 2025/10/01 13:30:01, 0, 0, 0, { }, {ok}
173868, 2025/10/01 13:45:00, 0, 0, 0, { }, {ok}
173869, 2025/10/01 14:00:00, 0, 0, 0, { }, {ok}
173870, 2025/10/01 14:15:00, 0, 0, 0, { }, {ok}
173871, 2025/10/01 14:30:00, 0, 0, 0, { }, {ok}
173872, 2025/10/01 14:45:00, 0, 0, 0, { }, {ok}
173873, 2025/10/01 15:00:00, 0, 0, 0, { }, {ok}
173874, 2025/10/01 15:15:00, 0, 0, 0, { }, {ok}
173875, 2025/10/01 15:30:00, 0, 0, 0, { }, {ok}
173876, 2025/10/01 15:45:00, 0, 0, 0, { }, {ok}
173877, 2025/10/01 16:00:00, 0, 0, 0, { }, {ok}
173878, 2025/10/01 16:15:00, 0, 0, 0, { }, {ok}
173879, 2025/10/01 16:30:00, 0, 0, 0, { }, {ok}
173880, 2025/10/01 16:45:00, 0, 0, 0, { }, {ok}
173881, 2025/10/01 17:00:00, 0, 0, 0, { }, {ok}
173882, 2025/10/01 17:15:00, 0, 0, 0, { }, {ok}
173883, 2025/10/01 17:30:00, 0, 0, 0, { }, {ok}
173884, 2025/10/01 17:45:01, 0, 0, 0, { }, {ok}
173885, 2025/10/01 18:00:00, 0, 0, 0, { }, {ok}
173886, 2025/10/01 18:15:00, 0, 0, 0, { }, {ok}
173887, 2025/10/01 18:30:00, 0, 0, 0, { }, {ok}
173888, 2025/10/01 18:45:00, 0, 0, 0, { }, {ok}
173889, 2025/10/01 19:00:00, 0, 0, 0, { }, {ok}
173890, 2025/10/01 19:15:00, 0, 0, 0, { }, {ok}
173891, 2025/10/01 19:30:00, 0, 0, 0, { }, {ok}
173892, 2025/10/01 19:45:00, 0, 0, 0, { }, {ok}
173893, 2025/10/01 20:00:00, 0, 0, 0, { }, {ok}
173894, 2025/10/01 20:15:00, 0, 0, 0, { }, {ok}
173895, 2025/10/01 20:30:00, 0, 0, 0, { }, {ok}
173896, 2025/10/01 20:45:00, 0, 0, 0, { }, {ok}
173897, 2025/10/01 21:00:00, 0, 0, 0, { }, {ok}
173898, 2025/10/01 21:15:01, 0, 0, 0, { }, {ok}
173899, 2025/10/01 21:30:00, 0, 0, 0, { }, {ok}
173900, 2025/10/01 21:45:00, 0, 0, 0, { }, {ok}
173901, 2025/10/01 22:00:00, 0, 0, 0, { }, {ok}
173902, 2025/10/01 22:15:00, 0, 0, 0, { }, {ok}
173903, 2025/10/01 22:30:00, 0, 0, 0, { }, {ok}
173904, 2025/10/01 22:45:00, 0, 0, 0, { }, {ok}
173905, 2025/10/01 23:00:00, 0, 0, 0, { }, {ok}
173906, 2025/10/01 23:15:00, 0, 0, 0, { }, {ok}
173907, 2025/10/01 23:30:00, 0, 0, 0, { }, {ok}
173908, 2025/10/01 23:45:01, 0, 0, 0, { }, {ok}
173909, 2025/10/02 00:00:00, 0, 0, 0, { }, {ok}
173910, 2025/10/02 00:15:01, 0, 0, 0, { }, {ok}
173911, 2025/10/02 00:30:00, 0, 0, 0, { }, {ok}
173912, 2025/10/02 00:45:00, 0, 0, 0, { }, {ok}
173913, 2025/10/02 01:00:00, 0, 0, 0, { }, {ok}
173914, 2025/10/02 01:15:00, 0, 0, 0, { }, {ok}
173915, 2025/10/02 01:30:00, 0, 0, 0, { }, {ok}
173916, 2025/10/02 01:45:00, 0, 0, 0, { }, {ok}
173917, 2025/10/02 02:00:00, 0, 0, 0, { }, {ok}
174041, 2025/10/02 02:15:00, 0, 0, 0, { }, {ok}
174042, 2025/10/02 02:30:00, 0, 0, 0, { }, {ok}
174043, 2025/10/02 02:45:00, 0, 0, 0, { }, {ok}
174044, 2025/10/02 03:00:01, 0, 0, 0, { }, {ok}
174045, 2025/10/02 03:15:00, 0, 0, 0, { }, {ok}
174046, 2025/10/02 03:30:01, 0, 0, 0, { }, {ok}
174047, 2025/10/02 03:45:00, 0, 0, 0, { }, {ok}
174048, 2025/10/02 04:00:00, 0, 0, 0, { }, {ok}
174049, 2025/10/02 04:15:00, 0, 0, 0, { }, {ok}
174050, 2025/10/02 04:30:00, 0, 0, 0, { }, {ok}
174051, 2025/10/02 04:45:01, 0, 0, 0, { }, {ok}
174052, 2025/10/02 05:00:00, 0, 0, 0, { }, {ok}
174053, 2025/10/02 05:15:00, 0, 0, 0, { }, {ok}
174054, 2025/10/02 05:30:00, 0, 0, 0, { }, {ok}
174055, 2025/10/02 05:45:00, 0, 0, 0, { }, {ok}
174056, 2025/10/02 06:00:01, 0, 0, 0, { }, {ok}
174057, 2025/10/02 06:15:00, 0, 0, 0, { }, {ok}
174058, 2025/10/02 06:30:00, 0, 0, 0, { }, {ok}
174059, 2025/10/02 06:45:00, 0, 0, 0, { }, {ok}
174060, 2025/10/02 07:00:00, 0, 0, 0, { }, {ok}
174061, 2025/10/02 07:15:00, 0, 0, 0, { }, {ok}
174062, 2025/10/02 07:30:00, 0, 0, 0, { }, {ok}
174063, 2025/10/02 07:45:00, 0, 0, 0, { }, {ok}
174064, 2025/10/02 08:00:00, 0, 0, 0, { }, {ok}
174065, 2025/10/02 08:15:00, 0, 0, 0, { }, {ok}
174066, 2025/10/02 08:30:00, 0, 0, 0, { }, {ok}
174067, 2025/10/02 08:45:00, 0, 0, 0, { }, {ok}
174068, 2025/10/02 09:00:00, 0, 0, 0, { }, {ok}
174069, 2025/10/02 09:15:00, 0, 0, 0, { }, {ok}
174070, 2025/10/02 09:30:00, 0, 0, 0, { }, {ok}
174071, 2025/10/02 09:45:00, 0, 0, 0, { }, {ok}
174072, 2025/10/02 10:00:01, 0, 0, 0, { }, {ok}
174073, 2025/10/02 10:15:00, 0, 0, 0, { }, {ok}
174074, 2025/10/02 10:30:00, 0, 0, 0, { }, {ok}
174075, 2025/10/02 10:45:00, 0, 0, 0, { }, {ok}
174076, 2025/10/02 11:00:00, 0, 0, 0, { }, {ok}
174077, 2025/10/02 11:15:00, 0, 0, 0, { }, {ok}
174078, 2025/10/02 11:30:00, 0, 0, 0, { }, {ok}
174079, 2025/10/02 11:45:00, 0, 0, 0, { }, {ok}
174080, 2025/10/02 12:00:00, 0, 0, 0, { }, {ok}
174081, 2025/10/02 12:15:01, 0, 0, 0, { }, {ok}
174082, 2025/10/02 12:30:00, 0, 0, 0, { }, {ok}
174083, 2025/10/02 12:45:00, 0, 0, 0, { }, {ok}
174084, 2025/10/02 13:00:01, 0, 0, 0, { }, {ok}
174085, 2025/10/02 13:15:00, 0, 0, 0, { }, {ok}
174086, 2025/10/02 13:30:00, 0, 0, 0, { }, {ok}
174087, 2025/10/02 13:45:00, 0, 0, 0, { }, {ok}
174088, 2025/10/02 14:00:00, 0, 0, 0, { }, {ok}
174089, 2025/10/02 14:15:00, 0, 0, 0, { }, {ok}
174090, 2025/10/02 14:30:00, 0, 0, 0, { }, {ok}
174091, 2025/10/02 14:45:00, 0, 0, 0, { }, {ok}
174092, 2025/10/02 15:00:00, 0, 0, 0, { }, {ok}
174093, 2025/10/02 15:15:00, 0, 0, 0, { }, {ok}
174094, 2025/10/02 15:30:00, 0, 0, 0, { }, {ok}
174095, 2025/10/02 15:45:00, 0, 0, 0, { }, {ok}
174096, 2025/10/02 16:00:00, 0, 0, 0, { }, {ok}
174097, 2025/10/02 16:15:00, 0, 0, 0, { }, {ok}
174098, 2025/10/02 16:30:00, 0, 0, 0, { }, {ok}
174099, 2025/10/02 16:45:00, 0, 0, 0, { }, {ok}
174100, 2025/10/02 17:00:00, 0, 0, 0, { }, {ok}
174101, 2025/10/02 17:15:01, 0, 0, 0, { }, {ok}
174102, 2025/10/02 17:30:00, 0, 0, 0, { }, {ok}
174103, 2025/10/02 17:45:00, 0, 0, 0, { }, {ok}
174104, 2025/10/02 18:00:01, 0, 0, 0, { }, {ok}
174105, 2025/10/02 18:15:00, 0, 0, 0, { }, {ok}
174106, 2025/10/02 18:30:00, 0, 0, 0, { }, {ok}
174107, 2025/10/02 18:45:00, 0, 0, 0, { }, {ok}
174108, 2025/10/02 19:00:00, 0, 0, 0, { }, {ok}
174109, 2025/10/02 19:15:00, 0, 0, 0, { }, {ok}
174110, 2025/10/02 19:30:00, 0, 0, 0, { }, {ok}
174111, 2025/10/02 19:45:00, 0, 0, 0, { }, {ok}
174112, 2025/10/02 20:00:00, 0, 0, 0, { }, {ok}
174113, 2025/10/02 20:15:00, 0, 0, 0, { }, {ok}
174114, 2025/10/02 20:30:00, 0, 0, 0, { }, {ok}
174115, 2025/10/02 20:45:01, 0, 0, 0, { }, {ok}
174116, 2025/10/02 21:00:00, 0, 0, 0, { }, {ok}
174117, 2025/10/02 21:15:01, 0, 0, 0, { }, {ok}
174118, 2025/10/02 21:30:00, 0, 0, 0, { }, {ok}
174119, 2025/10/02 21:45:00, 0, 0, 0, { }, {ok}
174120, 2025/10/02 22:00:00, 0, 0, 0, { }, {ok}
174121, 2025/10/02 22:15:00, 0, 0, 0, { }, {ok}
174122, 2025/10/02 22:30:00, 0, 0, 0, { }, {ok}
174123, 2025/10/02 22:45:00, 0, 0, 0, { }, {ok}
174124, 2025/10/02 23:00:00, 0, 0, 0, { }, {ok}
174125, 2025/10/02 23:15:00, 0, 0, 0, { }, {ok}
174126, 2025/10/02 23:30:01, 0, 0, 0, { }, {ok}
174127, 2025/10/02 23:45:00, 0, 0, 0, { }, {ok}
174128, 2025/10/03 00:00:01, 0, 0, 0, { }, {ok}
174129, 2025/10/03 00:15:00, 0, 0, 0, { }, {ok}
174130, 2025/10/03 00:30:00, 0, 0, 0, { }, {ok}
174131, 2025/10/03 00:45:00, 0, 0, 0, { }, {ok}
174132, 2025/10/03 01:00:00, 0, 0, 0, { }, {ok}
174133, 2025/10/03 01:15:01, 0, 0, 0, { }, {ok}
174134, 2025/10/03 01:30:00, 0, 0, 0, { }, {ok}
174135, 2025/10/03 01:45:00, 0, 0, 0, { }, {ok}
174261, 2025/10/03 02:00:00, 0, 0, 0, { }, {ok}
174262, 2025/10/03 02:15:00, 0, 0, 0, { }, {ok}
174263, 2025/10/03 02:30:00, 0, 0, 0, { }, {ok}
174264, 2025/10/03 02:45:00, 0, 0, 0, { }, {ok}
174265, 2025/10/03 03:00:00, 0, 0, 0, { }, {ok}
174266, 2025/10/03 03:15:00, 0, 0, 0, { }, {ok}
174267, 2025/10/03 03:30:00, 0, 0, 0, { }, {ok}
174268, 2025/10/03 03:45:01, 0, 0, 0, { }, {ok}
174269, 2025/10/03 04:00:00, 0, 0, 0, { }, {ok}
174270, 2025/10/03 04:15:00, 0, 0, 0, { }, {ok}
174271, 2025/10/03 04:30:00, 0, 0, 0, { }, {ok}
174272, 2025/10/03 04:45:00, 0, 0, 0, { }, {ok}
174273, 2025/10/03 05:00:00, 0, 0, 0, { }, {ok}
174274, 2025/10/03 05:15:00, 0, 0, 0, { }, {ok}
174275, 2025/10/03 05:30:00, 0, 0, 0, { }, {ok}
174276, 2025/10/03 05:45:00, 0, 0, 0, { }, {ok}
174277, 2025/10/03 06:00:00, 0, 0, 0, { }, {ok}
174278, 2025/10/03 06:15:00, 0, 0, 0, { }, {ok}
174279, 2025/10/03 06:30:00, 0, 0, 0, { }, {ok}
174280, 2025/10/03 06:45:00, 0, 0, 0, { }, {ok}
174281, 2025/10/03 07:00:01, 0, 0, 0, { }, {ok}
174282, 2025/10/03 07:15:00, 0, 0, 0, { }, {ok}
174283, 2025/10/03 07:30:00, 0, 0, 0, { }, {ok}
174284, 2025/10/03 07:45:00, 0, 0, 0, { }, {ok}
174285, 2025/10/03 08:00:00, 0, 0, 0, { }, {ok}
174286, 2025/10/03 08:15:01, 0, 0, 0, { }, {ok}
174287, 2025/10/03 08:30:00, 0, 0, 0, { }, {ok}
174288, 2025/10/03 08:45:00, 0, 0, 0, { }, {ok}
174289, 2025/10/03 09:00:00, 0, 0, 0, { }, {ok}
174290, 2025/10/03 09:15:00, 0, 0, 0, { }, {ok}
174291, 2025/10/03 09:30:00, 0, 0, 0, { }, {ok}
174292, 2025/10/03 09:45:00, 0, 0, 0, { }, {ok}
174293, 2025/10/03 10:00:00, 0, 0, 0, { }, {ok}
174294, 2025/10/03 10:15:00, 0, 0, 0, { }, {ok}
174295, 2025/10/03 10:30:00, 0, 0, 0, { }, {ok}
174296, 2025/10/03 10:45:01, 0, 0, 0, { }, {ok}
174297, 2025/10/03 11:00:00, 0, 0, 0, { }, {ok}
174298, 2025/10/03 11:15:00, 0, 0, 0, { }, {ok}
174299, 2025/10/03 11:30:00, 0, 0, 0, { }, {ok}
174300, 2025/10/03 11:45:01, 0, 0, 0, { }, {ok}
174301, 2025/10/03 12:00:00, 0, 0, 0, { }, {ok}
174302, 2025/10/03 12:15:00, 0, 0, 0, { }, {ok}
174303, 2025/10/03 12:30:00, 0, 0, 0, { }, {ok}
174304, 2025/10/03 12:45:00, 0, 0, 0, { }, {ok}
174305, 2025/10/03 13:00:00, 0, 0, 0, { }, {ok}
174306, 2025/10/03 13:15:00, 0, 0, 0, { }, {ok}
174307, 2025/10/03 13:30:00, 0, 0, 0, { }, {ok}
174308, 2025/10/03 13:45:00, 0, 0, 0, { }, {ok}
174309, 2025/10/03 14:00:00, 0, 0, 0, { }, {ok}
174310, 2025/10/03 14:15:00, 0, 0, 0, { }, {ok}
174311, 2025/10/03 14:30:00, 0, 0, 0, { }, {ok}
174312, 2025/10/03 14:45:00, 0, 0, 0, { }, {ok}
174313, 2025/10/03 15:00:00, 0, 0, 0, { }, {ok}
174314, 2025/10/03 15:15:00, 0, 0, 0, { }, {ok}
174315, 2025/10/03 15:30:00, 0, 0, 0, { }, {ok}
174316, 2025/10/03 15:45:01, 0, 0, 0, { }, {ok}
174317, 2025/10/03 16:00:00, 0, 0, 0, { }, {ok}
174318, 2025/10/03 16:15:00, 0, 0, 0, { }, {ok}
174319, 2025/10/03 16:30:00, 0, 0, 0, { }, {ok}
174320, 2025/10/03 16:45:00, 0, 0, 0, { }, {ok}
174321, 2025/10/03 17:00:00, 0, 0, 0, { }, {ok}
174322, 2025/10/03 17:15:00, 0, 0, 0, { }, {ok}
174323, 2025/10/03 17:30:00, 0, 0, 0, { }, {ok}
174324, 2025/10/03 17:45:00, 0, 0, 0, { }, {ok}
174325, 2025/10/03 18:00:00, 0, 0, 0, { }, {ok}
174326, 2025/10/03 18:15:00, 0, 0, 0, { }, {ok}
174327, 2025/10/03 18:30:00, 0, 0, 0, { }, {ok}
174328, 2025/10/03 18:45:00, 0, 0, 0, { }, {ok}
174329, 2025/10/03 19:00:00, 0, 0, 0, { }, {ok}
174330, 2025/10/03 19:15:00, 0, 0, 0, { }, {ok}
174331, 2025/10/03 19:30:00, 0, 0, 0, { }, {ok}
174332, 2025/10/03 19:45:00, 0, 0, 0, { }, {ok}
174333, 2025/10/03 20:00:00, 0, 0, 0, { }, {ok}
174334, 2025/10/03 20:15:00, 0, 0, 0, { }, {ok}
174335, 2025/10/03 20:30:00, 0, 0, 0, { }, {ok}
174336, 2025/10/03 20:45:00, 0, 0, 0, { }, {ok}
174337, 2025/10/03 21:00:00, 0, 0, 0, { }, {ok}
174338, 2025/10/03 21:15:00, 0, 0, 0, { }, {ok}
174339, 2025/10/03 21:30:00, 0, 0, 0, { }, {ok}
174340, 2025/10/03 21:45:00, 0, 0, 0, { }, {ok}
174341, 2025/10/03 22:00:00, 0, 0, 0, { }, {ok}
174342, 2025/10/03 22:15:00, 0, 0, 0, { }, {ok}
174343, 2025/10/03 22:30:01, 0, 0, 0, { }, {ok}
174344, 2025/10/03 22:45:00, 0, 0, 0, { }, {ok}
174345, 2025/10/03 23:00:00, 0, 0, 0, { }, {ok}
174346, 2025/10/03 23:15:00, 0, 0, 0, { }, {ok}
174347, 2025/10/03 23:30:00, 0, 0, 0, { }, {ok}
174348, 2025/10/03 23:45:00, 0, 0, 0, { }, {ok}
174349, 2025/10/04 00:00:00, 0, 0, 0, { }, {ok}
174350, 2025/10/04 00:15:00, 0, 0, 0, { }, {ok}
174351, 2025/10/04 00:30:00, 0, 0, 0, { }, {ok}
174352, 2025/10/04 00:45:00, 0, 0, 0, { }, {ok}
174353, 2025/10/04 01:00:01, 0, 0, 0, { }, {ok}
174354, 2025/10/04 01:15:00, 0, 0, 0, { }, {ok}
174355, 2025/10/04 01:30:00, 0, 0, 0, { }, {ok}
174356, 2025/10/04 01:45:00, 0, 0, 0, { }, {ok}
174481, 2025/10/04 02:00:00, 0, 0, 0, { }, {ok}
174482, 2025/10/04 02:15:00, 0, 0, 0, { }, {ok}
174483, 2025/10/04 02:30:00, 0, 0, 0, { }, {ok}
174484, 2025/10/04 02:45:00, 0, 0, 0, { }, {ok}
174485, 2025/10/04 03:00:01, 0, 0, 0, { }, {ok}
174486, 2025/10/04 03:15:00, 0, 0, 0, { }, {ok}
174487, 2025/10/04 03:30:00, 0, 0, 0, { }, {ok}
174488, 2025/10/04 03:45:00, 0, 0, 0, { }, {ok}
174489, 2025/10/04 04:00:00, 0, 0, 0, { }, {ok}
174490, 2025/10/04 04:15:00, 0, 0, 0, { }, {ok}
174491, 2025/10/04 04:30:00, 0, 0, 0, { }, {ok}
174492, 2025/10/04 04:45:00, 0, 0, 0, { }, {ok}
174493, 2025/10/04 05:00:00, 0, 0, 0, { }, {ok}
174494, 2025/10/04 05:15:00, 0, 0, 0, { }, {ok}
174495, 2025/10/04 05:30:00, 0, 0, 0, { }, {ok}
174496, 2025/10/04 05:45:00, 0, 0, 0, { }, {ok}
174497, 2025/10/04 06:00:00, 0, 0, 0, { }, {ok}
174498, 2025/10/04 06:15:00, 0, 0, 0, { }, {ok}
174499, 2025/10/04 06:30:00, 0, 0, 0, { }, {ok}
174500, 2025/10/04 06:45:00, 0, 0, 0, { }, {ok}
174501, 2025/10/04 07:00:00, 0, 0, 0, { }, {ok}
174502, 2025/10/04 07:15:00, 0, 0, 0, { }, {ok}
174503, 2025/10/04 07:30:00, 0, 0, 0, { }, {ok}
174504, 2025/10/04 07:45:00, 0, 0, 0, { }, {ok}
174505, 2025/10/04 08:00:00, 0, 0, 0, { }, {ok}
174506, 2025/10/04 08:15:01, 0, 0, 0, { }, {ok}
174507, 2025/10/04 08:30:00, 0, 0, 0, { }, {ok}
174508, 2025/10/04 08:45:00, 0, 0, 0, { }, {ok}
174509, 2025/10/04 09:00:01, 0, 0, 0, { }, {ok}
174510, 2025/10/04 09:15:00, 0, 0, 0, { }, {ok}
174511, 2025/10/04 09:30:00, 0, 0, 0, { }, {ok}
174512, 2025/10/04 09:45:00, 0, 0, 0, { }, {ok}
174513, 2025/10/04 10:00:00, 0, 0, 0, { }, {ok}
174514, 2025/10/04 10:15:00, 0, 0, 0, { }, {ok}
174515, 2025/10/04 10:30:00, 0, 0, 0, { }, {ok}
174516, 2025/10/04 10:45:00, 0, 0, 0, { }, {ok}
174517, 2025/10/04 11:00:00, 0, 0, 0, { }, {ok}
174518, 2025/10/04 11:15:00, 0, 0, 0, { }, {ok}
174519, 2025/10/04 11:30:00, 0, 0, 0, { }, {ok}
174520, 2025/10/04 11:45:00, 0, 0, 0, { }, {ok}
174521, 2025/10/04 12:00:00, 0, 0, 0, { }, {ok}
174522, 2025/10/04 12:15:00, 0, 0, 0, { }, {ok}
174523, 2025/10/04 12:30:00, 0, 0, 0, { }, {ok}
174524, 2025/10/04 12:45:00, 0, 0, 0, { }, {ok}
174525, 2025/10/04 13:00:00, 0, 0, 0, { }, {ok}
174526, 2025/10/04 13:15:00, 0, 0, 0, { }, {ok}
174527, 2025/10/04 13:30:00, 0, 0, 0, { }, {ok}
174528, 2025/10/04 13:45:01, 0, 0, 0, { }, {ok}
174529, 2025/10/04 14:00:00, 0, 0, 0, { }, {ok}
174530, 2025/10/04 14:15:00, 0, 0, 0, { }, {ok}
174531, 2025/10/04 14:30:00, 0, 0, 0, { }, {ok}
174532, 2025/10/04 14:45:00, 0, 0, 0, { }, {ok}
174533, 2025/10/04 15:00:01, 0, 0, 0, { }, {ok}
174534, 2025/10/04 15:15:00, 0, 0, 0, { }, {ok}
174535, 2025/10/04 15:30:00, 0, 0, 0, { }, {ok}
174536, 2025/10/04 15:45:00, 0, 0, 0, { }, {ok}
174537, 2025/10/04 16:00:00, 0, 0, 0, { }, {ok}
174538, 2025/10/04 16:15:00, 0, 0, 0, { }, {ok}
174539, 2025/10/04 16:30:00, 0, 0, 0, { }, {ok}
174540, 2025/10/04 16:45:00, 0, 0, 0, { }, {ok}
174541, 2025/10/04 17:00:00, 0, 0, 0, { }, {ok}
174542, 2025/10/04 17:15:00, 0, 0, 0, { }, {ok}
174543, 2025/10/04 17:30:01, 0, 0, 0, { }, {ok}
174544, 2025/10/04 17:45:00, 0, 0, 0, { }, {ok}
174545, 2025/10/04 18:00:00, 0, 0, 0, { }, {ok}
174546, 2025/10/04 18:15:00, 0, 0, 0, { }, {ok}
174547, 2025/10/04 18:30:00, 0, 0, 0, { }, {ok}
174548, 2025/10/04 18:45:00, 0, 0, 0, { }, {ok}
174549, 2025/10/04 19:00:00, 0, 0, 0, { }, {ok}
174550, 2025/10/04 19:15:00, 0, 0, 0, { }, {ok}
174551, 2025/10/04 19:30:00, 0, 0, 0, { }, {ok}
174552, 2025/10/04 19:45:00, 0, 0, 0, { }, {ok}
174553, 2025/10/04 20:00:00, 0, 0, 0, { }, {ok}
174554, 2025/10/04 20:15:00, 0, 0, 0, { }, {ok}
174555, 2025/10/04 20:30:00, 0, 0, 0, { }, {ok}
174556, 2025/10/04 20:45:00, 0, 0, 0, { }, {ok}
174557, 2025/10/04 21:00:00, 0, 0, 0, { }, {ok}
174558, 2025/10/04 21:15:01, 0, 0, 0, { }, {ok}
174559, 2025/10/04 21:30:00, 0, 0, 0, { }, {ok}
174560, 2025/10/04 21:45:00, 0, 0, 0, { }, {ok}
174561, 2025/10/04 22:00:00, 0, 0, 0, { }, {ok}
174562, 2025/10/04 22:15:00, 0, 0, 0, { }, {ok}
174563, 2025/10/04 22:30:00, 0, 0, 0, { }, {ok}
174564, 2025/10/04 22:45:00, 0, 0, 0, { }, {ok}
174565, 2025/10/04 23:00:00, 0, 0, 0, { }, {ok}
174566, 2025/10/04 23:15:00, 0, 0, 0, { }, {ok}
174567, 2025/10/04 23:30:00, 0, 0, 0, { }, {ok}
174568, 2025/10/04 23:45:00, 0, 0, 0, { }, {ok}
174569, 2025/10/05 00:00:00, 0, 0, 0, { }, {ok}
174570, 2025/10/05 00:15:00, 0, 0, 0, { }, {ok}
174571, 2025/10/05 00:30:00, 0, 0, 0, { }, {ok}
174572, 2025/10/05 00:45:00, 0, 0, 0, { }, {ok}
174573, 2025/10/05 01:00:00, 0, 0, 0, { }, {ok}
174574, 2025/10/05 01:15:00, 0, 0, 0, { }, {ok}
174575, 2025/10/05 01:30:00, 0, 0, 0, { }, {ok}
174576, 2025/10/05 01:45:01, 0, 0, 0, { }, {ok}
174701, 2025/10/05 02:00:00, 0, 0, 0, { }, {ok}
174702, 2025/10/05 02:15:00, 0, 0, 0, { }, {ok}
174703, 2025/10/05 02:30:01, 0, 0, 0, { }, {ok}
174704, 2025/10/05 02:45:00, 0, 0, 0, { }, {ok}
174705, 2025/10/05 03:00:00, 0, 0, 0, { }, {ok}
174706, 2025/10/05 03:15:00, 0, 0, 0, { }, {ok}
174707, 2025/10/05 03:30:00, 0, 0, 0, { }, {ok}
174708, 2025/10/05 03:45:00, 0, 0, 0, { }, {ok}
174709, 2025/10/05 04:00:00, 0, 0, 0, { }, {ok}
174710, 2025/10/05 04:15:00, 0, 0, 0, { }, {ok}
174711, 2025/10/05 04:30:00, 0, 0, 0, { }, {ok}
174712, 2025/10/05 04:45:00, 0, 0, 0, { }, {ok}
174713, 2025/10/05 05:00:00, 0, 0, 0, { }, {ok}
174714, 2025/10/05 05:15:00, 0, 0, 0, { }, {ok}
174715, 2025/10/05 05:30:00, 0, 0, 0, { }, {ok}
174716, 2025/10/05 05:45:00, 0, 0, 0, { }, {ok}
174717, 2025/10/05 06:00:00, 0, 0, 0, { }, {ok}
174718, 2025/10/05 06:15:00, 0, 0, 0, { }, {ok}
174719, 2025/10/05 06:30:01, 0, 0, 0, { }, {ok}
174720, 2025/10/05 06:45:00, 0, 0, 0, { }, {ok}
174721, 2025/10/05 07:00:00, 0, 0, 0, { }, {ok}
174722, 2025/10/05 07:15:00, 0, 0, 0, { }, {ok}
174723, 2025/10/05 07:30:00, 0, 0, 0, { }, {ok}
174724, 2025/10/05 07:45:00, 0, 0, 0, { }, {ok}
174725, 2025/10/05 08:00:01, 0, 0, 0, { }, {ok}
174726, 2025/10/05 08:15:00, 0, 0, 0, { }, {ok}
174727, 2025/10/05 08:30:00, 0, 0, 0, { }, {ok}
174728, 2025/10/05 08:45:00, 0, 0, 0, { }, {ok}
174729, 2025/10/05 09:00:00, 0, 0, 0, { }, {ok}
174730, 2025/10/05 09:15:00, 0, 0, 0, { }, {ok}
174731, 2025/10/05 09:30:00, 0, 0, 0, { }, {ok}
174732, 2025/10/05 09:45:00, 0, 0, 0, { }, {ok}
174733, 2025/10/05 10:00:00, 0, 0, 0, { }, {ok}
174734, 2025/10/05 10:15:00, 0, 0, 0, { }, {ok}
174735, 2025/10/05 10:30:01, 0, 0, 0, { }, {ok}
174736, 2025/10/05 10:45:00, 0, 0, 0, { }, {ok}
174737, 2025/10/05 11:00:00, 0, 0, 0, { }, {ok}
174738, 2025/10/05 11:15:00, 0, 0, 0, { }, {ok}
174739, 2025/10/05 11:30:00, 0, 0, 0, { }, {ok}
174740, 2025/10/05 11:45:00, 0, 0, 0, { }, {ok}
174741, 2025/10/05 12:00:00, 0, 0, 0, { }, {ok}
174742, 2025/10/05 12:15:00, 0, 0, 0, { }, {ok}
174743, 2025/10/05 12:30:01, 0, 0, 0, { }, {ok}
174744, 2025/10/05 12:45:00, 0, 0, 0, { }, {ok}
174745, 2025/10/05 13:00:00, 0, 0, 0, { }, {ok}
174746, 2025/10/05 13:15:00, 0, 0, 0, { }, {ok}
174747, 2025/10/05 13:30:00, 0, 0, 0, { }, {ok}
174748, 2025/10/05 13:45:00, 0, 0, 0, { }, {ok}
174749, 2025/10/05 14:00:00, 0, 0, 0, { }, {ok}
174750, 2025/10/05 14:15:00, 0, 0, 0, { }, {ok}
174751, 2025/10/05 14:30:01, 0, 0, 0, { }, {ok}
174752, 2025/10/05 14:45:00, 0, 0, 0, { }, {ok}
174753, 2025/10/05 15:00:00, 0, 0, 0, { }, {ok}
174754, 2025/10/05 15:15:00, 0, 0, 0, { }, {ok}
174755, 2025/10/05 15:30:00, 0, 0, 0, { }, {ok}
174756, 2025/10/05 15:45:00, 0, 0, 0, { }, {ok}
174757, 2025/10/05 16:00:00, 0, 0, 0, { }, {ok}
174758, 2025/10/05 16:15:00, 0, 0, 0, { }, {ok}
174759, 2025/10/05 16:30:00, 0, 0, 0, { }, {ok}
174760, 2025/10/05 16:45:00, 0, 0, 0, { }, {ok}
174761, 2025/10/05 17:00:00, 0, 0, 0, { }, {ok}
174762, 2025/10/05 17:15:00, 0, 0, 0, { }, {ok}
174763, 2025/10/05 17:30:00, 0, 0, 0, { }, {ok}
174764, 2025/10/05 17:45:00, 0, 0, 0, { }, {ok}
174765, 2025/10/05 18:00:00, 0, 0, 0, { }, {ok}
174766, 2025/10/05 18:15:00, 0, 0, 0, { }, {ok}
174767, 2025/10/05 18:30:00, 0, 0, 0, { }, {ok}
174768, 2025/10/05 18:45:00, 0, 0, 0, { }, {ok}
174769, 2025/10/05 19:00:00, 0, 0, 0, { }, {ok}
174770, 2025/10/05 19:15:00, 0, 0, 0, { }, {ok}
174771, 2025/10/05 19:30:00, 0, 0, 0, { }, {ok}
174772, 2025/10/05 19:45:00, 0, 0, 0, { }, {ok}
174773, 2025/10/05 20:00:00, 0, 0, 0, { }, {ok}
174774, 2025/10/05 20:15:01, 0, 0, 0, { }, {ok}
174775, 2025/10/05 20:30:00, 0, 0, 0, { }, {ok}
174776, 2025/10/05 20:45:00, 0, 0, 0, { }, {ok}
174777, 2025/10/05 21:00:00, 0, 0, 0, { }, {ok}
174778, 2025/10/05 21:15:00, 0, 0, 0, { }, {ok}
174779, 2025/10/05 21:30:01, 0, 0, 0, { }, {ok}
174780, 2025/10/05 21:45:00, 0, 0, 0, { }, {ok}
174781, 2025/10/05 22:00:00, 0, 0, 0, { }, {ok}
174782, 2025/10/05 22:15:00, 0, 0, 0, { }, {ok}
174783, 2025/10/05 22:30:00, 0, 0, 0, { }, {ok}
174784, 2025/10/05 22:45:00, 0, 0, 0, { }, {ok}
174785, 2025/10/05 23:00:00, 0, 0, 0, { }, {ok}
174786, 2025/10/05 23:15:00, 0, 0, 0, { }, {ok}
174787, 2025/10/05 23:30:00, 0, 0, 0, { }, {ok}
174788, 2025/10/05 23:45:00, 0, 0, 0, { }, {ok}
174789, 2025/10/06 00:00:00, 0, 0, 0, { }, {ok}
174790, 2025/10/06 00:15:00, 0, 0, 0, { }, {ok}
174791, 2025/10/06 00:30:00, 0, 0, 0, { }, {ok}
174792, 2025/10/06 00:45:00, 0, 0, 0, { }, {ok}
174793, 2025/10/06 01:00:00, 0, 0, 0, { }, {ok}
174794, 2025/10/06 01:15:00, 0, 0, 0, { }, {ok}
174795, 2025/10/06 01:30:00, 0, 0, 0, { }, {ok}
174796, 2025/10/06 01:45:00, 0, 0, 0, { }, {ok}
174921, 2025/10/06 02:00:01, 0, 0, 0, { }, {ok}
174922, 2025/10/06 02:15:00, 0, 0, 0, { }, {ok}
174923, 2025/10/06 02:30:01, 0, 0, 0, { }, {ok}
174924, 2025/10/06 02:45:01, 0, 0, 0, { }, {ok}
174925, 2025/10/06 03:00:00, 0, 0, 0, { }, {ok}
174926, 2025/10/06 03:15:00, 0, 0, 0, { }, {ok}
174927, 2025/10/06 03:30:00, 0, 0, 0, { }, {ok}
174928, 2025/10/06 03:45:01, 0, 0, 0, { }, {ok}
174929, 2025/10/06 04:00:01, 0, 0, 0, { }, {ok}
174930, 2025/10/06 04:15:00, 0, 0, 0, { }, {ok}
174931, 2025/10/06 04:30:00, 0, 0, 0, { }, {ok}
174932, 2025/10/06 04:45:00, 0, 0, 0, { }, {ok}
174933, 2025/10/06 05:00:00, 0, 0, 0, { }, {ok}
174934, 2025/10/06 05:15:00, 0, 0, 0, { }, {ok}
174935, 2025/10/06 05:30:00, 0, 0, 0, { }, {ok}
174936, 2025/10/06 05:45:00, 0, 0, 0, { }, {ok}
174937, 2025/10/06 06:00:00, 0, 0, 0, { }, {ok}
174938, 2025/10/06 06:15:00, 0, 0, 0, { }, {ok}
174939, 2025/10/06 06:30:00, 0, 0, 0, { }, {ok}
174940, 2025/10/06 06:45:00, 0, 0, 0, { }, {ok}
174941, 2025/10/06 07:00:00, 0, 0, 0, { }, {ok}
174942, 2025/10/06 07:15:00, 0, 0, 0, { }, {ok}
174943, 2025/10/06 07:30:00, 0, 0, 0, { }, {ok}
174944, 2025/10/06 07:45:00, 0, 0, 0, { }, {ok}
174945, 2025/10/06 08:00:00, 0, 0, 0, { }, {ok}
174946, 2025/10/06 08:15:00, 0, 0, 0, { }, {ok}
174947, 2025/10/06 08:30:00, 0, 0, 0, { }, {ok}
174948, 2025/10/06 08:45:00, 0, 0, 0, { }, {ok}
174949, 2025/10/06 09:00:00, 0, 0, 0, { }, {ok}
174950, 2025/10/06 09:15:00, 0, 0, 0, { }, {ok}
174951, 2025/10/06 09:30:00, 0, 0, 0, { }, {ok}
174952, 2025/10/06 09:45:00, 0, 0, 0, { }, {ok}
174953, 2025/10/06 10:00:00, 0, 0, 0, { }, {ok}
174954, 2025/10/06 10:15:01, 0, 0, 0, { }, {ok}
174955, 2025/10/06 10:30:00, 0, 0, 0, { }, {ok}
174956, 2025/10/06 10:45:00, 0, 0, 0, { }, {ok}
174957, 2025/10/06 11:00:00, 0, 0, 0, { }, {ok}
174958, 2025/10/06 11:15:00, 0, 0, 0, { }, {ok}
174959, 2025/10/06 11:30:00, 0, 0, 0, { }, {ok}
174960, 2025/10/06 11:45:01, 0, 0, 0, { }, {ok}
174961, 2025/10/06 12:00:00, 0, 0, 0, { }, {ok}
174962, 2025/10/06 12:15:00, 0, 0, 0, { }, {ok}
174963, 2025/10/06 12:30:00, 0, 0, 0, { }, {ok}
174964, 2025/10/06 12:45:00, 0, 0, 0, { }, {ok}
174965, 2025/10/06 13:00:00, 0, 0, 0, { }, {ok}
174966, 2025/10/06 13:15:00, 0, 0, 0, { }, {ok}
174967, 2025/10/06 13:30:01, 0, 0, 0, { }, {ok}
174968, 2025/10/06 13:45:00, 0, 0, 0, { }, {ok}
174969, 2025/10/06 14:00:00, 0, 0, 0, { }, {ok}
174970, 2025/10/06 14:15:00, 0, 0, 0, { }, {ok}
174971, 2025/10/06 14:30:00, 0, 0, 0, { }, {ok}
174972, 2025/10/06 14:45:00, 0, 0, 0, { }, {ok}
174973, 2025/10/06 15:00:00, 0, 0, 0, { }, {ok}
174974, 2025/10/06 15:15:00, 0, 0, 0, { }, {ok}
174975, 2025/10/06 15:30:00, 0, 0, 0, { }, {ok}
174976, 2025/10/06 15:45:01, 0, 0, 0, { }, {ok}
174977, 2025/10/06 16:00:00, 0, 0, 0, { }, {ok}
174978, 2025/10/06 16:15:00, 0, 0, 0, { }, {ok}
174979, 2025/10/06 16:30:00, 0, 0, 0, { }, {ok}
174980, 2025/10/06 16:45:00, 0, 0, 0, { }, {ok}
174981, 2025/10/06 17:00:00, 0, 0, 0, { }, {ok}
174982, 2025/10/06 17:15:00, 0, 0, 0, { }, {ok}
174983, 2025/10/06 17:30:00, 0, 0, 0, { }, {ok}
174984, 2025/10/06 17:45:00, 0, 0, 0, { }, {ok}
174985, 2025/10/06 18:00:00, 0, 0, 0, { }, {ok}
174986, 2025/10/06 18:15:00, 0, 0, 0, { }, {ok}
174987, 2025/10/06 18:30:00, 0, 0, 0, { }, {ok}
174988, 2025/10/06 18:45:01, 0, 0, 0, { }, {ok}
174989, 2025/10/06 19:00:01, 0, 0, 0, { }, {ok}
174990, 2025/10/06 19:15:00, 0, 0, 0, { }, {ok}
174991, 2025/10/06 19:30:00, 0, 0, 0, { }, {ok}
174992, 2025/10/06 19:45:00, 0, 0, 0, { }, {ok}
174993, 2025/10/06 20:00:00, 0, 0, 0, { }, {ok}
174994, 2025/10/06 20:15:00, 0, 0, 0, { }, {ok}
174995, 2025/10/06 20:30:00, 0, 0, 0, { }, {ok}
174996, 2025/10/06 20:45:00, 0, 0, 0, { }, {ok}
174997, 2025/10/06 21:00:00, 0, 0, 0, { }, {ok}
174998, 2025/10/06 21:15:00, 0, 0, 0, { }, {ok}
174999, 2025/10/06 21:30:00, 0, 0, 0, { }, {ok}
175000, 2025/10/06 21:45:00, 0, 0, 0, { }, {ok}
175001, 2025/10/06 22:00:00, 0, 0, 0, { }, {ok}
175002, 2025/10/06 22:15:00, 0, 0, 0, { }, {ok}
175003, 2025/10/06 22:30:00, 0, 0, 0, { }, {ok}
175004, 2025/10/06 22:45:00, 0, 0, 0, { }, {ok}
175005, 2025/10/06 23:00:00, 0, 0, 0, { }, {ok}
175006, 2025/10/06 23:15:00, 0, 0, 0, { }, {ok}
175007, 2025/10/06 23:30:00, 0, 0, 0, { }, {ok}
175008, 2025/10/06 23:45:00, 0, 0, 0, { }, {ok}
175009, 2025/10/07 00:00:01, 0, 0, 0, { }, {ok}
175010, 2025/10/07 00:15:00, 0, 0, 0, { }, {ok}
175011, 2025/10/07 00:30:00, 0, 0, 0, { }, {ok}
175012, 2025/10/07 00:45:01, 0, 0, 0, { }, {ok}
175013, 2025/10/07 01:00:00, 0, 0, 0, { }, {ok}
175014, 2025/10/07 01:15:00, 0, 0, 0, { }, {ok}
175015, 2025/10/07 01:30:00, 0, 0, 0, { }, {ok}
175016, 2025/10/07 01:45:00, 0, 0, 0, { }, {ok}
175141, 2025/10/07 02:00:00, 0, 0, 0, { }, {ok}
175142, 2025/10/07 02:15:00, 0, 0, 0, { }, {ok}
175143, 2025/10/07 02:30:00, 0, 0, 0, { }, {ok}
175144, 2025/10/07 02:45:01, 0, 0, 0, { }, {ok}
175145, 2025/10/07 03:00:01, 0, 0, 0, { }, {ok}
175146, 2025/10/07 03:15:00, 0, 0, 0, { }, {ok}
175147, 2025/10/07 03:30:00, 0, 0, 0, { }, {ok}
175148, 2025/10/07 03:45:00, 0, 0, 0, { }, {ok}
175149, 2025/10/07 04:00:01, 0, 0, 0, { }, {ok}
175150, 2025/10/07 04:15:00, 0, 0, 0, { }, {ok}
175151, 2025/10/07 04:30:00, 0, 0, 0, { }, {ok}
175152, 2025/10/07 04:45:00, 0, 0, 0, { }, {ok}
175153, 2025/10/07 05:00:00, 0, 0, 0, { }, {ok}
175154, 2025/10/07 05:15:00, 0, 0, 0, { }, {ok}
175155, 2025/10/07 05:30:00, 0, 0, 0, { }, {ok}
175156, 2025/10/07 05:45:01, 0, 0, 0, { }, {ok}
175157, 2025/10/07 06:00:00, 0, 0, 0, { }, {ok}
175158, 2025/10/07 06:15:01, 0, 0, 0, { }, {ok}
175159, 2025/10/07 06:30:00, 0, 0, 0, { }, {ok}
175160, 2025/10/07 06:45:00, 0, 0, 0, { }, {ok}
175161, 2025/10/07 07:00:00, 0, 0, 0, { }, {ok}
175162, 2025/10/07 07:15:00, 0, 0, 0, { }, {ok}
175163, 2025/10/07 07:30:01, 0, 0, 0, { }, {ok}
175164, 2025/10/07 07:45:00, 0, 0, 0, { }, {ok}
175165, 2025/10/07 08:00:00, 0, 0, 0, { }, {ok}
175166, 2025/10/07 08:15:00, 0, 0, 0, { }, {ok}
175167, 2025/10/07 08:30:01, 0, 0, 0, { }, {ok}
175168, 2025/10/07 08:45:00, 0, 0, 0, { }, {ok}
175169, 2025/10/07 09:00:00, 0, 0, 0, { }, {ok}
175170, 2025/10/07 09:15:01, 0, 0, 0, { }, {ok}
175171, 2025/10/07 09:30:00, 0, 0, 0, { }, {ok}
175172, 2025/10/07 09:45:00, 0, 0, 0, { }, {ok}
175173, 2025/10/07 10:00:01, 0, 0, 0, { }, {ok}
175174, 2025/10/07 10:15:00, 0, 0, 0, { }, {ok}
175175, 2025/10/07 10:30:00, 0, 0, 0, { }, {ok}
175176, 2025/10/07 10:45:01, 0, 0, 0, { }, {ok}
175177, 2025/10/07 11:00:00, 0, 0, 0, { }, {ok}
175178, 2025/10/07 11:15:00, 0, 0, 0, { }, {ok}
175179, 2025/10/07 11:30:00, 0, 0, 0, { }, {ok}
175180, 2025/10/07 11:45:00, 0, 0, 0, { }, {ok}
175181, 2025/10/07 12:00:00, 0, 0, 0, { }, {ok}
175182, 2025/10/07 12:15:00, 0, 0, 0, { }, {ok}
175183, 2025/10/07 12:30:01, 0, 0, 0, { }, {ok}
175184, 2025/10/07 12:45:00, 0, 0, 0, { }, {ok}
175185, 2025/10/07 13:00:00, 0, 0, 0, { }, {ok}
175186, 2025/10/07 13:15:00, 0, 0, 0, { }, {ok}
175187, 2025/10/07 13:30:00, 0, 0, 0, { }, {ok}
175188, 2025/10/07 13:45:00, 0, 0, 0, { }, {ok}
175189, 2025/10/07 14:00:00, 0, 0, 0, { }, {ok}
175190, 2025/10/07 14:15:00, 0, 0, 0, { }, {ok}
175191, 2025/10/07 14:30:00, 0, 0, 0, { }, {ok}
175192, 2025/10/07 14:45:00, 0, 0, 0, { }, {ok}
175193, 2025/10/07 15:00:00, 0, 0, 0, { }, {ok}
175194, 2025/10/07 15:15:00, 0, 0, 0, { }, {ok}
175195, 2025/10/07 15:30:00, 0, 0, 0, { }, {ok}
175196, 2025/10/07 15:45:00, 0, 0, 0, { }, {ok}
175197, 2025/10/07 16:00:00, 0, 0, 0, { }, {ok}
175198, 2025/10/07 16:15:00, 0, 0, 0, { }, {ok}
175199, 2025/10/07 16:30:00, 0, 0, 0, { }, {ok}
175200, 2025/10/07 16:45:00, 0, 0, 0, { }, {ok}
175201, 2025/10/07 17:00:00, 0, 0, 0, { }, {ok}
175202, 2025/10/07 17:15:00, 0, 0, 0, { }, {ok}
175203, 2025/10/07 17:30:00, 0, 0, 0, { }, {ok}
175204, 2025/10/07 17:45:01, 0, 0, 0, { }, {ok}
175205, 2025/10/07 18:00:00, 0, 0, 0, { }, {ok}
175206, 2025/10/07 18:15:00, 0, 0, 0, { }, {ok}
175207, 2025/10/07 18:30:00, 0, 0, 0, { }, {ok}
175208, 2025/10/07 18:45:01, 0, 0, 0, { }, {ok}
175209, 2025/10/07 19:00:00, 0, 0, 0, { }, {ok}
175210, 2025/10/07 19:15:00, 0, 0, 0, { }, {ok}
175211, 2025/10/07 19:30:00, 0, 0, 0, { }, {ok}
175212, 2025/10/07 19:45:00, 0, 0, 0, { }, {ok}
175213, 2025/10/07 20:00:00, 0, 0, 0, { }, {ok}
175214, 2025/10/07 20:15:00, 0, 0, 0, { }, {ok}
175215, 2025/10/07 20:30:00, 0, 0, 0, { }, {ok}
175216, 2025/10/07 20:45:00, 0, 0, 0, { }, {ok}
175217, 2025/10/07 21:00:00, 0, 0, 0, { }, {ok}
175218, 2025/10/07 21:15:00, 0, 0, 0, { }, {ok}
175219, 2025/10/07 21:30:00, 0, 0, 0, { }, {ok}
175220, 2025/10/07 21:45:00, 0, 0, 0, { }, {ok}
175221, 2025/10/07 22:00:00, 0, 0, 0, { }, {ok}
175222, 2025/10/07 22:15:00, 0, 0, 0, { }, {ok}
175223, 2025/10/07 22:30:00, 0, 0, 0, { }, {ok}
175224, 2025/10/07 22:45:00, 0, 0, 0, { }, {ok}
175225, 2025/10/07 23:00:00, 0, 0, 0, { }, {ok}
175226, 2025/10/07 23:15:00, 0, 0, 0, { }, {ok}
175227, 2025/10/07 23:30:00, 0, 0, 0, { }, {ok}
175228, 2025/10/07 23:45:00, 0, 0, 0, { }, {ok}
175229, 2025/10/08 00:00:00, 0, 0, 0, { }, {ok}
175230, 2025/10/08 00:15:00, 0, 0, 0, { }, {ok}
175231, 2025/10/08 00:30:00, 0, 0, 0, { }, {ok}
175232, 2025/10/08 00:45:00, 0, 0, 0, { }, {ok}
175233, 2025/10/08 01:00:01, 0, 0, 0, { }, {ok}
175234, 2025/10/08 01:15:01, 0, 0, 0, { }, {ok}
175235, 2025/10/08 01:30:01, 0, 0, 0, { }, {ok}
175236, 2025/10/08 01:45:00, 0, 0, 0, { }, {ok}
175361, 2025/10/08 02:00:00, 0, 0, 0, { }, {ok}
175362, 2025/10/08 02:15:00, 0, 0, 0, { }, {ok}
175363, 2025/10/08 02:30:00, 0, 0, 0, { }, {ok}
175364, 2025/10/08 02:45:00, 0, 0, 0, { }, {ok}
175365, 2025/10/08 03:00:00, 0, 0, 0, { }, {ok}
175366, 2025/10/08 03:15:00, 0, 0, 0, { }, {ok}
175367, 2025/10/08 03:30:00, 0, 0, 0, { }, {ok}
175368, 2025/10/08 03:45:00, 0, 0, 0, { }, {ok}
175369, 2025/10/08 04:00:00, 0, 0, 0, { }, {ok}
175370, 2025/10/08 04:15:01, 0, 0, 0, { }, {ok}
175371, 2025/10/08 04:30:00, 0, 0, 0, { }, {ok}
175372, 2025/10/08 04:45:00, 0, 0, 0, { }, {ok}
175373, 2025/10/08 05:00:00, 0, 0, 0, { }, {ok}
175374, 2025/10/08 05:15:00, 0, 0, 0, { }, {ok}
175375, 2025/10/08 05:30:00, 0, 0, 0, { }, {ok}
175376, 2025/10/08 05:45:00, 0, 0, 0, { }, {ok}
175377, 2025/10/08 06:00:00, 0, 0, 0, { }, {ok}
175378, 2025/10/08 06:15:00, 0, 0, 0, { }, {ok}
175379, 2025/10/08 06:30:00, 0, 0, 0, { }, {ok}
175380, 2025/10/08 06:45:00, 0, 0, 0, { }, {ok}
175381, 2025/10/08 07:00:00, 0, 0, 0, { }, {ok}
175382, 2025/10/08 07:15:01, 0, 0, 0, { }, {ok}
175383, 2025/10/08 07:30:00, 0, 0, 0, { }, {ok}
175384, 2025/10/08 07:45:00, 0, 0, 0, { }, {ok}
175385, 2025/10/08 08:00:00, 0, 0, 0, { }, {ok}
175386, 2025/10/08 08:15:00, 0, 0, 0, { }, {ok}
175387, 2025/10/08 08:30:00, 0, 0, 0, { }, {ok}
175388, 2025/10/08 08:45:00, 0, 0, 0, { }, {ok}
175389, 2025/10/08 09:00:00, 0, 0, 0, { }, {ok}
175390, 2025/10/08 09:15:00, 0, 0, 0, { }, {ok}
175391, 2025/10/08 09:30:00, 0, 0, 0, { }, {ok}
175392, 2025/10/08 09:45:00, 0, 0, 0, { }, {ok}
175393, 2025/10/08 10:00:00, 0, 0, 0, { }, {ok}
175394, 2025/10/08 10:15:00, 0, 0, 0, { }, {ok}
175395, 2025/10/08 10:30:00, 0, 0, 0, { }, {ok}
175396, 2025/10/08 10:45:00, 0, 0, 0, { }, {ok}
175397, 2025/10/08 11:00:00, 0, 0, 0, { }, {ok}
175398, 2025/10/08 11:15:00, 0, 0, 0, { }, {ok}
175399, 2025/10/08 11:30:00, 0, 0, 0, { }, {ok}
175400, 2025/10/08 11:45:00, 0, 0, 0, { }, {ok}
175401, 2025/10/08 12:00:00, 0, 0, 0, { }, {ok}
175402, 2025/10/08 12:15:00, 0, 0, 0, { }, {ok}
175403, 2025/10/08 12:30:01, 0, 0, 0, { }, {ok}
175404, 2025/10/08 12:45:00, 0, 0, 0, { }, {ok}
175405, 2025/10/08 13:00:01, 0, 0, 0, { }, {ok}
175406, 2025/10/08 13:15:01, 0, 0, 0, { }, {ok}
175407, 2025/10/08 13:30:00, 0, 0, 0, { }, {ok}
175408, 2025/10/08 13:45:00, 0, 0, 0, { }, {ok}
175409, 2025/10/08 14:00:00, 0, 0, 0, { }, {ok}
175410, 2025/10/08 14:15:00, 0, 0, 0, { }, {ok}
175411, 2025/10/08 14:30:00, 0, 0, 0, { }, {ok}
175412, 2025/10/08 14:45:00, 0, 0, 0, { }, {ok}
175413, 2025/10/08 15:00:00, 0, 0, 0, { }, {ok}
175414, 2025/10/08 15:15:00, 0, 0, 0, { }, {ok}
175415, 2025/10/08 15:30:01, 0, 0, 0, { }, {ok}
175416, 2025/10/08 15:45:00, 0, 0, 0, { }, {ok}
175417, 2025/10/08 16:00:00, 0, 0, 0, { }, {ok}
175418, 2025/10/08 16:15:00, 0, 0, 0, { }, {ok}
175419, 2025/10/08 16:30:00, 0, 0, 0, { }, {ok}
175420, 2025/10/08 16:45:00, 0, 0, 0, { }, {ok}
175421, 2025/10/08 17:00:00, 0, 0, 0, { }, {ok}
175422, 2025/10/08 17:15:01, 0, 0, 0, { }, {ok}
175423, 2025/10/08 17:30:00, 0, 0, 0, { }, {ok}
175424, 2025/10/08 17:45:00, 0, 0, 0, { }, {ok}
175425, 2025/10/08 18:00:00, 0, 0, 0, { }, {ok}
175426, 2025/10/08 18:15:00, 0, 0, 0, { }, {ok}
175427, 2025/10/08 18:30:00, 0, 0, 0, { }, {ok}
175428, 2025/10/08 18:45:00, 0, 0, 0, { }, {ok}
175429, 2025/10/08 19:00:00, 0, 0, 0, { }, {ok}
175430, 2025/10/08 19:15:00, 0, 0, 0, { }, {ok}
175431, 2025/10/08 19:30:00, 0, 0, 0, { }, {ok}
175432, 2025/10/08 19:45:00, 0, 0, 0, { }, {ok}
175433, 2025/10/08 20:00:00, 0, 0, 0, { }, {ok}
175434, 2025/10/08 20:15:00, 0, 0, 0, { }, {ok}
175435, 2025/10/08 20:30:00, 0, 0, 0, { }, {ok}
175436, 2025/10/08 20:45:00, 0, 0, 0, { }, {ok}
175437, 2025/10/08 21:00:00, 0, 0, 0, { }, {ok}
175438, 2025/10/08 21:15:00, 0, 0, 0, { }, {ok}
175439, 2025/10/08 21:30:00, 0, 0, 0, { }, {ok}
175440, 2025/10/08 21:45:00, 0, 0, 0, { }, {ok}
175441, 2025/10/08 22:00:00, 0, 0, 0, { }, {ok}
175442, 2025/10/08 22:15:01, 0, 0, 0, { }, {ok}
175443, 2025/10/08 22:30:00, 0, 0, 0, { }, {ok}
175444, 2025/10/08 22:45:00, 0, 0, 0, { }, {ok}
175445, 2025/10/08 23:00:00, 0, 0, 0, { }, {ok}
175446, 2025/10/08 23:15:00, 0, 0, 0, { }, {ok}
175447, 2025/10/08 23:30:01, 0, 0, 0, { }, {ok}
175448, 2025/10/08 23:45:01, 0, 0, 0, { }, {ok}
175449, 2025/10/09 00:00:00, 0, 0, 0, { }, {ok}
175450, 2025/10/09 00:15:00, 0, 0, 0, { }, {ok}
175451, 2025/10/09 00:30:00, 0, 0, 0, { }, {ok}
175452, 2025/10/09 00:45:00, 0, 0, 0, { }, {ok}
175453, 2025/10/09 01:00:00, 0, 0, 0, { }, {ok}
175454, 2025/10/09 01:15:00, 0, 0, 0, { }, {ok}
175455, 2025/10/09 01:30:00, 0, 0, 0, { }, {ok}
175456, 2025/10/09 01:45:00, 0, 0, 0, { }, {ok}
175457, 2025/10/09 02:00:00, 0, 0, 0, { }, {ok}
175581, 2025/10/09 02:15:00, 0, 0, 0, { }, {ok}
175582, 2025/10/09 02:30:00, 0, 0, 0, { }, {ok}
175583, 2025/10/09 02:45:00, 0, 0, 0, { }, {ok}
175584, 2025/10/09 03:00:00, 0, 0, 0, { }, {ok}
175585, 2025/10/09 03:15:00, 0, 0, 0, { }, {ok}
175586, 2025/10/09 03:30:00, 0, 0, 0, { }, {ok}
175587, 2025/10/09 03:45:00, 0, 0, 0, { }, {ok}
175588, 2025/10/09 04:00:00, 0, 0, 0, { }, {ok}
175589, 2025/10/09 04:15:00, 0, 0, 0, { }, {ok}
175590, 2025/10/09 04:30:00, 0, 0, 0, { }, {ok}
175591, 2025/10/09 04:45:01, 0, 0, 0, { }, {ok}
175592, 2025/10/09 05:00:00, 0, 0, 0, { }, {ok}
175593, 2025/10/09 05:15:00, 0, 0, 0, { }, {ok}
175594, 2025/10/09 05:30:00, 0, 0, 0, { }, {ok}
175595, 2025/10/09 05:45:00, 0, 0, 0, { }, {ok}
175596, 2025/10/09 06:00:00, 0, 0, 0, { }, {ok}
175597, 2025/10/09 06:15:00, 0, 0, 0, { }, {ok}
175598, 2025/10/09 06:30:01, 0, 0, 0, { }, {ok}
175599, 2025/10/09 06:45:00, 0, 0, 0, { }, {ok}
175600, 2025/10/09 07:00:00, 0, 0, 0, { }, {ok}
175601, 2025/10/09 07:15:00, 0, 0, 0, { }, {ok}
175602, 2025/10/09 07:30:00, 0, 0, 0, { }, {ok}
175603, 2025/10/09 07:45:00, 0, 0, 0, { }, {ok}
175604, 2025/10/09 08:00:00, 0, 0, 0, { }, {ok}
175605, 2025/10/09 08:15:00, 0, 0, 0, { }, {ok}
175606, 2025/10/09 08:30:00, 0, 0, 0, { }, {ok}
175607, 2025/10/09 08:45:00, 0, 0, 0, { }, {ok}
175608, 2025/10/09 09:00:00, 0, 0, 0, { }, {ok}
175609, 2025/10/09 09:15:00, 0, 0, 0, { }, {ok}
175610, 2025/10/09 09:30:00, 0, 0, 0, { }, {ok}
175611, 2025/10/09 09:45:00, 0, 0, 0, { }, {ok}
175612, 2025/10/09 10:00:00, 0, 0, 0, { }, {ok}
175613, 2025/10/09 10:15:00, 0, 0, 0, { }, {ok}
175614, 2025/10/09 10:30:01, 0, 0, 0, { }, {ok}
175615, 2025/10/09 10:45:00, 0, 0, 0, { }, {ok}
175616, 2025/10/09 11:00:00, 0, 0, 0, { }, {ok}
175617, 2025/10/09 11:15:00, 0, 0, 0, { }, {ok}
175618, 2025/10/09 11:30:00, 0, 0, 0, { }, {ok}
175619, 2025/10/09 11:45:00, 0, 0, 0, { }, {ok}
175620, 2025/10/09 12:00:00, 0, 0, 0, { }, {ok}
175621, 2025/10/09 12:15:00, 0, 0, 0, { }, {ok}
175622, 2025/10/09 12:30:00, 0, 0, 0, { }, {ok}
175623, 2025/10/09 12:45:00, 0, 0, 0, { }, {ok}
175624, 2025/10/09 13:00:00, 0, 0, 0, { }, {ok}
175625, 2025/10/09 13:15:00, 0, 0, 0, { }, {ok}
175626, 2025/10/09 13:30:00, 0, 0, 0, { }, {ok}
175627, 2025/10/09 13:45:00, 0, 0, 0, { }, {ok}
175628, 2025/10/09 14:00:00, 0, 0, 0, { }, {ok}
175629, 2025/10/09 14:15:01, 0, 0, 0, { }, {ok}
175630, 2025/10/09 14:30:01, 0, 0, 0, { }, {ok}
175631, 2025/10/09 14:45:00, 0, 0, 0, { }, {ok}
175632, 2025/10/09 15:00:00, 0, 0, 0, { }, {ok}
175633, 2025/10/09 15:15:00, 0, 0, 0, { }, {ok}
175634, 2025/10/09 15:30:00, 0, 0, 0, { }, {ok}
175635, 2025/10/09 15:45:00, 0, 0, 0, { }, {ok}
175636, 2025/10/09 16:00:00, 0, 0, 0, { }, {ok}
175637, 2025/10/09 16:15:00, 0, 0, 0, { }, {ok}
175638, 2025/10/09 16:30:01, 0, 0, 0, { }, {ok}
175639, 2025/10/09 16:45:00, 0, 0, 0, { }, {ok}
175640, 2025/10/09 17:00:00, 0, 0, 0, { }, {ok}
175641, 2025/10/09 17:15:00, 0, 0, 0, { }, {ok}
175642, 2025/10/09 17:30:00, 0, 0, 0, { }, {ok}
175643, 2025/10/09 17:45:00, 0, 0, 0, { }, {ok}
175644, 2025/10/09 18:00:00, 0, 0, 0, { }, {ok}
175645, 2025/10/09 18:15:00, 0, 0, 0, { }, {ok}
175646, 2025/10/09 18:30:01, 0, 0, 0, { }, {ok}
175647, 2025/10/09 18:45:00, 0, 0, 0, { }, {ok}
175648, 2025/10/09 19:00:00, 0, 0, 0, { }, {ok}
175649, 2025/10/09 19:15:00, 0, 0, 0, { }, {ok}
175650, 2025/10/09 19:30:00, 0, 0, 0, { }, {ok}
175651, 2025/10/09 19:45:00, 0, 0, 0, { }, {ok}
175652, 2025/10/09 20:00:00, 0, 0, 0, { }, {ok}
175653, 2025/10/09 20:15:00, 0, 0, 0, { }, {ok}
175654, 2025/10/09 20:30:01, 0, 0, 0, { }, {ok}
175655, 2025/10/09 20:45:00, 0, 0, 0, { }, {ok}
175656, 2025/10/09 21:00:00, 0, 0, 0, { }, {ok}
175657, 2025/10/09 21:15:00, 0, 0, 0, { }, {ok}
175658, 2025/10/09 21:30:00, 0, 0, 0, { }, {ok}
175659, 2025/10/09 21:45:00, 0, 0, 0, { }, {ok}
175660, 2025/10/09 22:00:00, 0, 0, 0, { }, {ok}
175661, 2025/10/09 22:15:00, 0, 0, 0, { }, {ok}
175662, 2025/10/09 22:30:00, 0, 0, 0, { }, {ok}
175663, 2025/10/09 22:45:00, 0, 0, 0, { }, {ok}
175664, 2025/10/09 23:00:00, 0, 0, 0, { }, {ok}
175665, 2025/10/09 23:15:00, 0, 0, 0, { }, {ok}
175666, 2025/10/09 23:30:00, 0, 0, 0, { }, {ok}
175667, 2025/10/09 23:45:00, 0, 0, 0, { }, {ok}
175668, 2025/10/10 00:00:00, 0, 0, 0, { }, {ok}
175669, 2025/10/10 00:15:00, 0, 0, 0, { }, {ok}
175670, 2025/10/10 00:30:01, 0, 0, 0, { }, {ok}
175671, 2025/10/10 00:45:00, 0, 0, 0, { }, {ok}
175672, 2025/10/10 01:00:00, 0, 0, 0, { }, {ok}
175673, 2025/10/10 01:15:00, 0, 0, 0, { }, {ok}
175674, 2025/10/10 01:30:00, 0, 0, 0, { }, {ok}
175675, 2025/10/10 01:45:00, 0, 0, 0, { }, {ok}
175801, 2025/10/10 02:00:00, 0, 0, 0, { }, {ok}
175802, 2025/10/10 02:15:00, 0, 0, 0, { }, {ok}
175803, 2025/10/10 02:30:00, 0, 0, 0, { }, {ok}
175804, 2025/10/10 02:45:00, 0, 0, 0, { }, {ok}
175805, 2025/10/10 03:00:00, 0, 0, 0, { }, {ok}
175806, 2025/10/10 03:15:00, 0, 0, 0, { }, {ok}
175807, 2025/10/10 03:30:00, 0, 0, 0, { }, {ok}
175808, 2025/10/10 03:45:00, 0, 0, 0, { }, {ok}
175809, 2025/10/10 04:00:00, 0, 0, 0, { }, {ok}
175810, 2025/10/10 04:15:00, 0, 0, 0, { }, {ok}
175811, 2025/10/10 04:30:00, 0, 0, 0, { }, {ok}
175812, 2025/10/10 04:45:00, 0, 0, 0, { }, {ok}
175813, 2025/10/10 05:00:01, 0, 0, 0, { }, {ok}
175814, 2025/10/10 05:15:00, 0, 0, 0, { }, {ok}
175815, 2025/10/10 05:30:00, 0, 0, 0, { }, {ok}
175816, 2025/10/10 05:45:00, 0, 0, 0, { }, {ok}
175817, 2025/10/10 06:00:00, 0, 0, 0, { }, {ok}
175818, 2025/10/10 06:15:00, 0, 0, 0, { }, {ok}
175819, 2025/10/10 06:30:00, 0, 0, 0, { }, {ok}
175820, 2025/10/10 06:45:00, 0, 0, 0, { }, {ok}
175821, 2025/10/10 07:00:00, 0, 0, 0, { }, {ok}
175822, 2025/10/10 07:15:00, 0, 0, 0, { }, {ok}
175823, 2025/10/10 07:30:00, 0, 0, 0, { }, {ok}
175824, 2025/10/10 07:45:00, 0, 0, 0, { }, {ok}
175825, 2025/10/10 08:00:00, 0, 0, 0, { }, {ok}
175826, 2025/10/10 08:15:00, 0, 0, 0, { }, {ok}
175827, 2025/10/10 08:30:00, 0, 0, 0, { }, {ok}
175828, 2025/10/10 08:45:00, 0, 0, 0, { }, {ok}
175829, 2025/10/10 09:00:00, 0, 0, 0, { }, {ok}
175830, 2025/10/10 09:15:00, 0, 0, 0, { }, {ok}
175831, 2025/10/10 09:30:00, 0, 0, 0, { }, {ok}
175832, 2025/10/10 09:45:00, 0, 0, 0, { }, {ok}
175833, 2025/10/10 10:00:00, 0, 0, 0, { }, {ok}
175834, 2025/10/10 10:15:00, 0, 0, 0, { }, {ok}
175835, 2025/10/10 10:30:00, 0, 0, 0, { }, {ok}
175836, 2025/10/10 10:45:00, 0, 0, 0, { }, {ok}
175837, 2025/10/10 11:00:00, 0, 0, 0, { }, {ok}
175838, 2025/10/10 11:15:00, 0, 0, 0, { }, {ok}
175839, 2025/10/10 11:30:00, 0, 0, 0, { }, {ok}
175840, 2025/10/10 11:45:01, 0, 0, 0, { }, {ok}
175841, 2025/10/10 12:00:00, 0, 0, 0, { }, {ok}
175842, 2025/10/10 12:15:00, 0, 0, 0, { }, {ok}
175843, 2025/10/10 12:30:01, 0, 0, 0, { }, {ok}
175844, 2025/10/10 12:45:00, 0, 0, 0, { }, {ok}
175845, 2025/10/10 13:00:00, 0, 0, 0, { }, {ok}
175846, 2025/10/10 13:15:00, 0, 0, 0, { }, {ok}
175847, 2025/10/10 13:30:00, 0, 0, 0, { }, {ok}
175848, 2025/10/10 13:45:00, 0, 0, 0, { }, {ok}
175849, 2025/10/10 14:00:00, 0, 0, 0, { }, {ok}
175850, 2025/10/10 14:15:00, 0, 0, 0, { }, {ok}
175851, 2025/10/10 14:30:00, 0, 0, 0, { }, {ok}
175852, 2025/10/10 14:45:00, 0, 0, 0, { }, {ok}
175853, 2025/10/10 15:00:00, 0, 0, 0, { }, {ok}
175854, 2025/10/10 15:15:00, 0, 0, 0, { }, {ok}
175855, 2025/10/10 15:30:00, 0, 0, 0, { }, {ok}
175856, 2025/10/10 15:45:00, 0, 0, 0, { }, {ok}
175857, 2025/10/10 16:00:00, 0, 0, 0, { }, {ok}
175858, 2025/10/10 16:15:00, 0, 0, 0, { }, {ok}
175859, 2025/10/10 16:30:00, 0, 0, 0, { }, {ok}
175860, 2025/10/10 16:45:00, 0, 0, 0, { }, {ok}
175861, 2025/10/10 17:00:00, 0, 0, 0, { }, {ok}
175862, 2025/10/10 17:15:00, 0, 0, 0, { }, {ok}
175863, 2025/10/10 17:30:00, 0, 0, 0, { }, {ok}
175864, 2025/10/10 17:45:00, 0, 0, 0, { }, {ok}
175865, 2025/10/10 18:00:00, 0, 0, 0, { }, {ok}
175866, 2025/10/10 18:15:00, 0, 0, 0, { }, {ok}
175867, 2025/10/10 18:30:01, 0, 0, 0, { }, {ok}
175868, 2025/10/10 18:45:00, 0, 0, 0, { }, {ok}
175869, 2025/10/10 19:00:00, 0, 0, 0, { }, {ok}
175870, 2025/10/10 19:15:00, 0, 0, 0, { }, {ok}
175871, 2025/10/10 19:30:00, 0, 0, 0, { }, {ok}
175872, 2025/10/10 19:45:00, 0, 0, 0, { }, {ok}
175873, 2025/10/10 20:00:00, 0, 0, 0, { }, {ok}
175874, 2025/10/10 20:15:00, 0, 0, 0, { }, {ok}
175875, 2025/10/10 20:30:00, 0, 0, 0, { }, {ok}
175876, 2025/10/10 20:45:00, 0, 0, 0, { }, {ok}
175877, 2025/10/10 21:00:00, 0, 0, 0, { }, {ok}
175878, 2025/10/10 21:15:00, 0, 0, 0, { }, {ok}
175879, 2025/10/10 21:30:00, 0, 0, 0, { }, {ok}
175880, 2025/10/10 21:45:00, 0, 0, 0, { }, {ok}
175881, 2025/10/10 22:00:00, 0, 0, 0, { }, {ok}
175882, 2025/10/10 22:15:00, 0, 0, 0, { }, {ok}
175883, 2025/10/10 22:30:00, 0, 0, 0, { }, {ok}
175884, 2025/10/10 22:45:00, 0, 0, 0, { }, {ok}
175885, 2025/10/10 23:00:01, 0, 0, 0, { }, {ok}
175886, 2025/10/10 23:15:00, 0, 0, 0, { }, {ok}
175887, 2025/10/10 23:30:00, 0, 0, 0, { }, {ok}
175888, 2025/10/10 23:45:00, 0, 0, 0, { }, {ok}
175889, 2025/10/11 00:00:00, 0, 0, 0, { }, {ok}
175890, 2025/10/11 00:15:00, 0, 0, 0, { }, {ok}
175891, 2025/10/11 00:30:00, 0, 0, 0, { }, {ok}
175892, 2025/10/11 00:45:00, 0, 0, 0, { }, {ok}
175893, 2025/10/11 01:00:00, 0, 0, 0, { }, {ok}
175894, 2025/10/11 01:15:00, 0, 0, 0, { }, {ok}
175895, 2025/10/11 01:30:00, 0, 0, 0, { }, {ok}
175896, 2025/10/11 01:45:00, 0, 0, 0, { }, {ok}
175897, 2025/10/11 02:00:00, 0, 0, 0, { }, {ok}
176021, 2025/10/11 02:15:00, 0, 0, 0, { }, {ok}
176022, 2025/10/11 02:30:01, 0, 0, 0, { }, {ok}
176023, 2025/10/11 02:45:01, 0, 0, 0, { }, {ok}
176024, 2025/10/11 03:00:00, 0, 0, 0, { }, {ok}
176025, 2025/10/11 03:15:00, 0, 0, 0, { }, {ok}
176026, 2025/10/11 03:30:00, 0, 0, 0, { }, {ok}
176027, 2025/10/11 03:45:00, 0, 0, 0, { }, {ok}
176028, 2025/10/11 04:00:00, 0, 0, 0, { }, {ok}
176029, 2025/10/11 04:15:00, 0, 0, 0, { }, {ok}
176030, 2025/10/11 04:30:00, 0, 0, 0, { }, {ok}
176031, 2025/10/11 04:45:00, 0, 0, 0, { }, {ok}
176032, 2025/10/11 05:00:00, 0, 0, 0, { }, {ok}
176033, 2025/10/11 05:15:00, 0, 0, 0, { }, {ok}
176034, 2025/10/11 05:30:00, 0, 0, 0, { }, {ok}
176035, 2025/10/11 05:45:01, 0, 0, 0, { }, {ok}
176036, 2025/10/11 06:00:00, 0, 0, 0, { }, {ok}
176037, 2025/10/11 06:15:00, 0, 0, 0, { }, {ok}
176038, 2025/10/11 06:30:00, 0, 0, 0, { }, {ok}
176039, 2025/10/11 06:45:00, 0, 0, 0, { }, {ok}
176040, 2025/10/11 07:00:00, 0, 0, 0, { }, {ok}
176041, 2025/10/11 07:15:01, 0, 0, 0, { }, {ok}
176042, 2025/10/11 07:30:00, 0, 0, 0, { }, {ok}
176043, 2025/10/11 07:45:00, 0, 0, 0, { }, {ok}
176044, 2025/10/11 08:00:00, 0, 0, 0, { }, {ok}
176045, 2025/10/11 08:15:00, 0, 0, 0, { }, {ok}
176046, 2025/10/11 08:30:00, 0, 0, 0, { }, {ok}
176047, 2025/10/11 08:45:00, 0, 0, 0, { }, {ok}
176048, 2025/10/11 09:00:00, 0, 0, 0, { }, {ok}
176049, 2025/10/11 09:15:00, 0, 0, 0, { }, {ok}
176050, 2025/10/11 09:30:00, 0, 0, 0, { }, {ok}
176051, 2025/10/11 09:45:00, 0, 0, 0, { }, {ok}
176052, 2025/10/11 10:00:00, 0, 0, 0, { }, {ok}
176053, 2025/10/11 10:15:00, 0, 0, 0, { }, {ok}
176054, 2025/10/11 10:30:00, 0, 0, 0, { }, {ok}
176055, 2025/10/11 10:45:00, 0, 0, 0, { }, {ok}
176056, 2025/10/11 11:00:00, 0, 0, 0, { }, {ok}
176057, 2025/10/11 11:15:00, 0, 0, 0, { }, {ok}
176058, 2025/10/11 11:30:00, 0, 0, 0, { }, {ok}
176059, 2025/10/11 11:45:00, 0, 0, 0, { }, {ok}
176060, 2025/10/11 12:00:00, 0, 0, 0, { }, {ok}
176061, 2025/10/11 12:15:00, 0, 0, 0, { }, {ok}
176062, 2025/10/11 12:30:00, 0, 0, 0, { }, {ok}
176063, 2025/10/11 12:45:01, 0, 0, 0, { }, {ok}
176064, 2025/10/11 13:00:00, 0, 0, 0, { }, {ok}
176065, 2025/10/11 13:15:00, 0, 0, 0, { }, {ok}
176066, 2025/10/11 13:30:00, 0, 0, 0, { }, {ok}
176067, 2025/10/11 13:45:00, 0, 0, 0, { }, {ok}
176068, 2025/10/11 14:00:00, 0, 0, 0, { }, {ok}
176069, 2025/10/11 14:15:00, 0, 0, 0, { }, {ok}
176070, 2025/10/11 14:30:00, 0, 0, 0, { }, {ok}
176071, 2025/10/11 14:45:01, 0, 0, 0, { }, {ok}
176072, 2025/10/11 15:00:00, 0, 0, 0, { }, {ok}
176073, 2025/10/11 15:15:00, 0, 0, 0, { }, {ok}
176074, 2025/10/11 15:30:00, 0, 0, 0, { }, {ok}
176075, 2025/10/11 15:45:01, 0, 0, 0, { }, {ok}
176076, 2025/10/11 16:00:00, 0, 0, 0, { }, {ok}
176077, 2025/10/11 16:15:00, 0, 0, 0, { }, {ok}
176078, 2025/10/11 16:30:00, 0, 0, 0, { }, {ok}
176079, 2025/10/11 16:45:00, 0, 0, 0, { }, {ok}
176080, 2025/10/11 17:00:00, 0, 0, 0, { }, {ok}
176081, 2025/10/11 17:15:00, 0, 0, 0, { }, {ok}
176082, 2025/10/11 17:30:00, 0, 0, 0, { }, {ok}
176083, 2025/10/11 17:45:00, 0, 0, 0, { }, {ok}
176084, 2025/10/11 18:00:00, 0, 0, 0, { }, {ok}
176085, 2025/10/11 18:15:00, 0, 0, 0, { }, {ok}
176086, 2025/10/11 18:30:00, 0, 0, 0, { }, {ok}
176087, 2025/10/11 18:45:00, 0, 0, 0, { }, {ok}
176088, 2025/10/11 19:00:00, 0, 0, 0, { }, {ok}
176089, 2025/10/11 19:15:00, 0, 0, 0, { }, {ok}
176090, 2025/10/11 19:30:00, 0, 0, 0, { }, {ok}
176091, 2025/10/11 19:45:00, 0, 0, 0, { }, {ok}
176092, 2025/10/11 20:00:00, 0, 0, 0, { }, {ok}
176093, 2025/10/11 20:15:00, 0, 0, 0, { }, {ok}
176094, 2025/10/11 20:30:00, 0, 0, 0, { }, {ok}
176095, 2025/10/11 20:45:00, 0, 0, 0, { }, {ok}
176096, 2025/10/11 21:00:01, 0, 0, 0, { }, {ok}
176097, 2025/10/11 21:15:00, 0, 0, 0, { }, {ok}
176098, 2025/10/11 21:30:00, 0, 0, 0, { }, {ok}
176099, 2025/10/11 21:45:00, 0, 0, 0, { }, {ok}
176100, 2025/10/11 22:00:00, 0, 0, 0, { }, {ok}
176101, 2025/10/11 22:15:00, 0, 0, 0, { }, {ok}
176102, 2025/10/11 22:30:00, 0, 0, 0, { }, {ok}
176103, 2025/10/11 22:45:00, 0, 0, 0, { }, {ok}
176104, 2025/10/11 23:00:00, 0, 0, 0, { }, {ok}
176105, 2025/10/11 23:15:00, 0, 0, 0, { }, {ok}
176106, 2025/10/11 23:30:00, 0, 0, 0, { }, {ok}
176107, 2025/10/11 23:45:00, 0, 0, 0, { }, {ok}
176108, 2025/10/12 00:00:00, 0, 0, 0, { }, {ok}
176109, 2025/10/12 00:15:00, 0, 0, 0, { }, {ok}
176110, 2025/10/12 00:30:01, 0, 0, 0, { }, {ok}
176111, 2025/10/12 00:45:00, 0, 0, 0, { }, {ok}
176112, 2025/10/12 01:00:00, 0, 0, 0, { }, {ok}
176113, 2025/10/12 01:15:00, 0, 0, 0, { }, {ok}
176114, 2025/10/12 01:30:00, 0, 0, 0, { }, {ok}
176115, 2025/10/12 01:45:01, 0, 0, 0, { }, {ok}
176241, 2025/10/12 02:00:00, 0, 0, 0, { }, {ok}
176242, 2025/10/12 02:15:00, 0, 0, 0, { }, {ok}
176243, 2025/10/12 02:30:00, 0, 0, 0, { }, {ok}
176244, 2025/10/12 02:45:00, 0, 0, 0, { }, {ok}
176245, 2025/10/12 03:00:00, 0, 0, 0, { }, {ok}
176246, 2025/10/12 03:15:00, 0, 0, 0, { }, {ok}
176247, 2025/10/12 03:30:00, 0, 0, 0, { }, {ok}
176248, 2025/10/12 03:45:00, 0, 0, 0, { }, {ok}
176249, 2025/10/12 04:00:00, 0, 0, 0, { }, {ok}
176250, 2025/10/12 04:15:00, 0, 0, 0, { }, {ok}
176251, 2025/10/12 04:30:00, 0, 0, 0, { }, {ok}
176252, 2025/10/12 04:45:00, 0, 0, 0, { }, {ok}
176253, 2025/10/12 05:00:00, 0, 0, 0, { }, {ok}
176254, 2025/10/12 05:15:00, 0, 0, 0, { }, {ok}
176255, 2025/10/12 05:30:00, 0, 0, 0, { }, {ok}
176256, 2025/10/12 05:45:00, 0, 0, 0, { }, {ok}
176257, 2025/10/12 06:00:00, 0, 0, 0, { }, {ok}
176258, 2025/10/12 06:15:00, 0, 0, 0, { }, {ok}
176259, 2025/10/12 06:30:00, 0, 0, 0, { }, {ok}
176260, 2025/10/12 06:45:00, 0, 0, 0, { }, {ok}
176261, 2025/10/12 07:00:00, 0, 0, 0, { }, {ok}
176262, 2025/10/12 07:15:00, 0, 0, 0, { }, {ok}
176263, 2025/10/12 07:30:00, 0, 0, 0, { }, {ok}
176264, 2025/10/12 07:45:00, 0, 0, 0, { }, {ok}
176265, 2025/10/12 08:00:00, 0, 0, 0, { }, {ok}
176266, 2025/10/12 08:15:00, 0, 0, 0, { }, {ok}
176267, 2025/10/12 08:30:01, 0, 0, 0, { }, {ok}
176268, 2025/10/12 08:45:00, 0, 0, 0, { }, {ok}
176269, 2025/10/12 09:00:00, 0, 0, 0, { }, {ok}
176270, 2025/10/12 09:15:00, 0, 0, 0, { }, {ok}
176271, 2025/10/12 09:30:00, 0, 0, 0, { }, {ok}
176272, 2025/10/12 09:45:00, 0, 0, 0, { }, {ok}
176273, 2025/10/12 10:00:00, 0, 0, 0, { }, {ok}
176274, 2025/10/12 10:15:00, 0, 0, 0, { }, {ok}
176275, 2025/10/12 10:30:00, 0, 0, 0, { }, {ok}
176276, 2025/10/12 10:45:01, 0, 0, 0, { }, {ok}
176277, 2025/10/12 11:00:00, 0, 0, 0, { }, {ok}
176278, 2025/10/12 11:15:00, 0, 0, 0, { }, {ok}
176279, 2025/10/12 11:30:00, 0, 0, 0, { }, {ok}
176280, 2025/10/12 11:45:00, 0, 0, 0, { }, {ok}
176281, 2025/10/12 12:00:00, 0, 0, 0, { }, {ok}
176282, 2025/10/12 12:15:00, 0, 0, 0, { }, {ok}
176283, 2025/10/12 12:30:00, 0, 0, 0, { }, {ok}
176284, 2025/10/12 12:45:00, 0, 0, 0, { }, {ok}
176285, 2025/10/12 13:00:00, 0, 0, 0, { }, {ok}
176286, 2025/10/12 13:15:00, 0, 0, 0, { }, {ok}
176287, 2025/10/12 13:30:00, 0, 0, 0, { }, {ok}
176288, 2025/10/12 13:45:00, 0, 0, 0, { }, {ok}
176289, 2025/10/12 14:00:00, 0, 0, 0, { }, {ok}
176290, 2025/10/12 14:15:00, 0, 0, 0, { }, {ok}
176291, 2025/10/12 14:30:00, 0, 0, 0, { }, {ok}
176292, 2025/10/12 14:45:00, 0, 0, 0, { }, {ok}
176293, 2025/10/12 15:00:00, 0, 0, 0, { }, {ok}
176294, 2025/10/12 15:15:00, 0, 0, 0, { }, {ok}
176295, 2025/10/12 15:30:00, 0, 0, 0, { }, {ok}
176296, 2025/10/12 15:45:00, 0, 0, 0, { }, {ok}
176297, 2025/10/12 16:00:00, 0, 0, 0, { }, {ok}
176298, 2025/10/12 16:15:00, 0, 0, 0, { }, {ok}
176299, 2025/10/12 16:30:00, 0, 0, 0, { }, {ok}
176300, 2025/10/12 16:45:00, 0, 0, 0, { }, {ok}
176301, 2025/10/12 17:00:00, 0, 0, 0, { }, {ok}
176302, 2025/10/12 17:15:00, 0, 0, 0, { }, {ok}
176303, 2025/10/12 17:30:00, 0, 0, 0, { }, {ok}
176304, 2025/10/12 17:45:00, 0, 0, 0, { }, {ok}
176305, 2025/10/12 18:00:00, 0, 0, 0, { }, {ok}
176306, 2025/10/12 18:15:01, 0, 0, 0, { }, {ok}
176307, 2025/10/12 18:30:00, 0, 0, 0, { }, {ok}
176308, 2025/10/12 18:45:00, 0, 0, 0, { }, {ok}
176309, 2025/10/12 19:00:00, 0, 0, 0, { }, {ok}
176310, 2025/10/12 19:15:00, 0, 0, 0, { }, {ok}
176311, 2025/10/12 19:30:00, 0, 0, 0, { }, {ok}
176312, 2025/10/12 19:45:00, 0, 0, 0, { }, {ok}
176313, 2025/10/12 20:00:00, 0, 0, 0, { }, {ok}
176314, 2025/10/12 20:15:00, 0, 0, 0, { }, {ok}
176315, 2025/10/12 20:30:00, 0, 0, 0, { }, {ok}
176316, 2025/10/12 20:45:00, 0, 0, 0, { }, {ok}
176317, 2025/10/12 21:00:00, 0, 0, 0, { }, {ok}
176318, 2025/10/12 21:15:00, 0, 0, 0, { }, {ok}
176319, 2025/10/12 21:30:01, 0, 0, 0, { }, {ok}
176320, 2025/10/12 21:45:00, 0, 0, 0, { }, {ok}
176321, 2025/10/12 22:00:00, 0, 0, 0, { }, {ok}
176322, 2025/10/12 22:15:01, 0, 0, 0, { }, {ok}
176323, 2025/10/12 22:30:00, 0, 0, 0, { }, {ok}
176324, 2025/10/12 22:45:00, 0, 0, 0, { }, {ok}
176325, 2025/10/12 23:00:00, 0, 0, 0, { }, {ok}
176326, 2025/10/12 23:15:01, 0, 0, 0, { }, {ok}
176327, 2025/10/12 23:30:00, 0, 0, 0, { }, {ok}
176328, 2025/10/12 23:45:00, 0, 0, 0, { }, {ok}
176329, 2025/10/13 00:00:00, 0, 0, 0, { }, {ok}
176330, 2025/10/13 00:15:00, 0, 0, 0, { }, {ok}
176331, 2025/10/13 00:30:00, 0, 0, 0, { }, {ok}
176332, 2025/10/13 00:45:00, 0, 0, 0, { }, {ok}
176333, 2025/10/13 01:00:00, 0, 0, 0, { }, {ok}
176334, 2025/10/13 01:15:00, 0, 0, 0, { }, {ok}
176335, 2025/10/13 01:30:00, 0, 0, 0, { }, {ok}
176336, 2025/10/13 01:45:00, 0, 0, 0, { }, {ok}
176337, 2025/10/13 02:00:00, 0, 0, 0, { }, {ok}
176461, 2025/10/13 02:15:00, 0, 0, 0, { }, {ok}
176462, 2025/10/13 02:30:01, 0, 0, 0, { }, {ok}
176463, 2025/10/13 02:45:00, 0, 0, 0, { }, {ok}
176464, 2025/10/13 03:00:00, 0, 0, 0, { }, {ok}
176465, 2025/10/13 03:15:00, 0, 0, 0, { }, {ok}
176466, 2025/10/13 03:30:00, 0, 0, 0, { }, {ok}
176467, 2025/10/13 03:45:00, 0, 0, 0, { }, {ok}
176468, 2025/10/13 04:00:00, 0, 0, 0, { }, {ok}
176469, 2025/10/13 04:15:00, 0, 0, 0, { }, {ok}
176470, 2025/10/13 04:30:01, 0, 0, 0, { }, {ok}
176471, 2025/10/13 04:45:00, 0, 0, 0, { }, {ok}
176472, 2025/10/13 05:00:00, 0, 0, 0, { }, {ok}
176473, 2025/10/13 05:15:00, 0, 0, 0, { }, {ok}
176474, 2025/10/13 05:30:00, 0, 0, 0, { }, {ok}
176475, 2025/10/13 05:45:00, 0, 0, 0, { }, {ok}
176476, 2025/10/13 06:00:00, 0, 0, 0, { }, {ok}
176477, 2025/10/13 06:15:00, 0, 0, 0, { }, {ok}
176478, 2025/10/13 06:30:00, 0, 0, 0, { }, {ok}
176479, 2025/10/13 06:45:00, 0, 0, 0, { }, {ok}
176480, 2025/10/13 07:00:00, 0, 0, 0, { }, {ok}
176481, 2025/10/13 07:15:00, 0, 0, 0, { }, {ok}
176482, 2025/10/13 07:30:00, 0, 0, 0, { }, {ok}
176483, 2025/10/13 07:45:00, 0, 0, 0, { }, {ok}
176484, 2025/10/13 08:00:00, 0, 0, 0, { }, {ok}
176485, 2025/10/13 08:15:00, 0, 0, 0, { }, {ok}
176486, 2025/10/13 08:30:00, 0, 0, 0, { }, {ok}
176487, 2025/10/13 08:45:00, 0, 0, 0, { }, {ok}
176488, 2025/10/13 09:00:00, 0, 0, 0, { }, {ok}
176489, 2025/10/13 09:15:00, 0, 0, 0, { }, {ok}
176490, 2025/10/13 09:30:00, 0, 0, 0, { }, {ok}
176491, 2025/10/13 09:45:00, 0, 0, 0, { }, {ok}
176492, 2025/10/13 10:00:01, 0, 0, 0, { }, {ok}
176493, 2025/10/13 10:15:00, 0, 0, 0, { }, {ok}
176494, 2025/10/13 10:30:00, 0, 0, 0, { }, {ok}
176495, 2025/10/13 10:45:00, 0, 0, 0, { }, {ok}
176496, 2025/10/13 11:00:00, 0, 0, 0, { }, {ok}
176497, 2025/10/13 11:15:00, 0, 0, 0, { }, {ok}
176498, 2025/10/13 11:30:00, 0, 0, 0, { }, {ok}
176499, 2025/10/13 11:45:00, 0, 0, 0, { }, {ok}
176500, 2025/10/13 12:00:01, 0, 0, 0, { }, {ok}
176501, 2025/10/13 12:15:00, 0, 0, 0, { }, {ok}
176502, 2025/10/13 12:30:00, 0, 0, 0, { }, {ok}
176503, 2025/10/13 12:45:00, 0, 0, 0, { }, {ok}
176504, 2025/10/13 13:00:00, 0, 0, 0, { }, {ok}
176505, 2025/10/13 13:15:00, 0, 0, 0, { }, {ok}
176506, 2025/10/13 13:30:00, 0, 0, 0, { }, {ok}
176507, 2025/10/13 13:45:00, 0, 0, 0, { }, {ok}
176508, 2025/10/13 14:00:00, 0, 0, 0, { }, {ok}
176509, 2025/10/13 14:15:00, 0, 0, 0, { }, {ok}
176510, 2025/10/13 14:30:00, 0, 0, 0, { }, {ok}
176511, 2025/10/13 14:45:00, 0, 0, 0, { }, {ok}
176512, 2025/10/13 15:00:00, 0, 0, 0, { }, {ok}
176513, 2025/10/13 15:15:00, 0, 0, 0, { }, {ok}
176514, 2025/10/13 15:30:00, 0, 0, 0, { }, {ok}
176515, 2025/10/13 15:45:00, 0, 0, 0, { }, {ok}
176516, 2025/10/13 16:00:01, 0, 0, 0, { }, {ok}
176517, 2025/10/13 16:15:00, 0, 0, 0, { }, {ok}
176518, 2025/10/13 16:30:00, 0, 0, 0, { }, {ok}
176519, 2025/10/13 16:45:00, 0, 0, 0, { }, {ok}
176520, 2025/10/13 17:00:01, 0, 0, 0, { }, {ok}
176521, 2025/10/13 17:15:00, 0, 0, 0, { }, {ok}
176522, 2025/10/13 17:30:00, 0, 0, 0, { }, {ok}
176523, 2025/10/13 17:45:01, 0, 0, 0, { }, {ok}
176524, 2025/10/13 18:00:00, 0, 0, 0, { }, {ok}
176525, 2025/10/13 18:15:00, 0, 0, 0, { }, {ok}
176526, 2025/10/13 18:30:01, 0, 0, 0, { }, {ok}
176527, 2025/10/13 18:45:00, 0, 0, 0, { }, {ok}
176528, 2025/10/13 19:00:01, 0, 0, 0, { }, {ok}
176529, 2025/10/13 19:15:00, 0, 0, 0, { }, {ok}
176530, 2025/10/13 19:30:01, 0, 0, 0, { }, {ok}
176531, 2025/10/13 19:45:00, 0, 0, 0, { }, {ok}
176532, 2025/10/13 20:00:00, 0, 0, 0, { }, {ok}
176533, 2025/10/13 20:15:00, 0, 0, 0, { }, {ok}
176534, 2025/10/13 20:30:00, 0, 0, 0, { }, {ok}
176535, 2025/10/13 20:45:00, 0, 0, 0, { }, {ok}
176536, 2025/10/13 21:00:01, 0, 0, 0, { }, {ok}
176537, 2025/10/13 21:15:00, 0, 0, 0, { }, {ok}
176538, 2025/10/13 21:30:00, 0, 0, 0, { }, {ok}
176539, 2025/10/13 21:45:00, 0, 0, 0, { }, {ok}
176540, 2025/10/13 22:00:01, 0, 0, 0, { }, {ok}
176541, 2025/10/13 22:15:00, 0, 0, 0, { }, {ok}
176542, 2025/10/13 22:30:00, 0, 0, 0, { }, {ok}
176543, 2025/10/13 22:45:00, 0, 0, 0, { }, {ok}
176544, 2025/10/13 23:00:00, 0, 0, 0, { }, {ok}
176545, 2025/10/13 23:15:00, 0, 0, 0, { }, {ok}
176546, 2025/10/13 23:30:00, 0, 0, 0, { }, {ok}
176547, 2025/10/13 23:45:00, 0, 0, 0, { }, {ok}
176548, 2025/10/14 00:00:00, 0, 0, 0, { }, {ok}
176549, 2025/10/14 00:15:00, 0, 0, 0, { }, {ok}
176550, 2025/10/14 00:30:01, 0, 0, 0, { }, {ok}
176551, 2025/10/14 00:45:00, 0, 0, 0, { }, {ok}
176552, 2025/10/14 01:00:00, 0, 0, 0, { }, {ok}
176553, 2025/10/14 01:15:00, 0, 0, 0, { }, {ok}
176554, 2025/10/14 01:30:00, 0, 0, 0, { }, {ok}
176555, 2025/10/14 01:45:01, 0, 0, 0, { }, {ok}
176681, 2025/10/14 02:00:00, 0, 0, 0, { }, {ok}
176682, 2025/10/14 02:15:00, 0, 0, 0, { }, {ok}
176683, 2025/10/14 02:30:00, 0, 0, 0, { }, {ok}
176684, 2025/10/14 02:45:00, 0, 0, 0, { }, {ok}
176685, 2025/10/14 03:00:00, 0, 0, 0, { }, {ok}
176686, 2025/10/14 03:15:00, 0, 0, 0, { }, {ok}
176687, 2025/10/14 03:30:00, 0, 0, 0, { }, {ok}
176688, 2025/10/14 03:45:00, 0, 0, 0, { }, {ok}
176689, 2025/10/14 04:00:01, 0, 0, 0, { }, {ok}
176690, 2025/10/14 04:15:00, 0, 0, 0, { }, {ok}
176691, 2025/10/14 04:30:00, 0, 0, 0, { }, {ok}
176692, 2025/10/14 04:45:00, 0, 0, 0, { }, {ok}
176693, 2025/10/14 05:00:00, 0, 0, 0, { }, {ok}
176694, 2025/10/14 05:15:00, 0, 0, 0, { }, {ok}
176695, 2025/10/14 05:30:00, 0, 0, 0, { }, {ok}
176696, 2025/10/14 05:45:00, 0, 0, 0, { }, {ok}
176697, 2025/10/14 06:00:01, 0, 0, 0, { }, {ok}
176698, 2025/10/14 06:15:00, 0, 0, 0, { }, {ok}
176699, 2025/10/14 06:30:00, 0, 0, 0, { }, {ok}
176700, 2025/10/14 06:45:00, 0, 0, 0, { }, {ok}
176701, 2025/10/14 07:00:00, 0, 0, 0, { }, {ok}
176702, 2025/10/14 07:15:01, 0, 0, 0, { }, {ok}
176703, 2025/10/14 07:30:00, 0, 0, 0, { }, {ok}
176704, 2025/10/14 07:45:00, 0, 0, 0, { }, {ok}
176705, 2025/10/14 08:00:01, 0, 0, 0, { }, {ok}
176706, 2025/10/14 08:15:00, 0, 0, 0, { }, {ok}
176707, 2025/10/14 08:30:00, 0, 0, 0, { }, {ok}
176708, 2025/10/14 08:45:00, 0, 0, 0, { }, {ok}
176709, 2025/10/14 09:00:00, 0, 0, 0, { }, {ok}
176710, 2025/10/14 09:15:00, 0, 0, 0, { }, {ok}
176711, 2025/10/14 09:30:01, 0, 0, 0, { }, {ok}
176712, 2025/10/14 09:45:00, 0, 0, 0, { }, {ok}
176713, 2025/10/14 10:00:00, 0, 0, 0, { }, {ok}
176714, 2025/10/14 10:15:00, 0, 0, 0, { }, {ok}
176715, 2025/10/14 10:30:00, 0, 0, 0, { }, {ok}
176716, 2025/10/14 10:45:00, 0, 0, 0, { }, {ok}
176717, 2025/10/14 11:00:00, 0, 0, 0, { }, {ok}
176718, 2025/10/14 11:15:00, 0, 0, 0, { }, {ok}
176719, 2025/10/14 11:30:00, 0, 0, 0, { }, {ok}
176720, 2025/10/14 11:45:00, 0, 0, 0, { }, {ok}
176721, 2025/10/14 12:00:00, 0, 0, 0, { }, {ok}
176722, 2025/10/14 12:15:00, 0, 0, 0, { }, {ok}
176723, 2025/10/14 12:30:00, 0, 0, 0, { }, {ok}
176724, 2025/10/14 12:45:01, 0, 0, 0, { }, {ok}
176725, 2025/10/14 13:00:00, 0, 0, 0, { }, {ok}
176726, 2025/10/14 13:15:00, 0, 0, 0, { }, {ok}
176727, 2025/10/14 13:30:00, 0, 0, 0, { }, {ok}
176728, 2025/10/14 13:45:00, 0, 0, 0, { }, {ok}
176729, 2025/10/14 14:00:00, 0, 0, 0, { }, {ok}
176730, 2025/10/14 14:15:00, 0, 0, 0, { }, {ok}
176731, 2025/10/14 14:30:00, 0, 0, 0, { }, {ok}
176732, 2025/10/14 14:45:00, 0, 0, 0, { }, {ok}
176733, 2025/10/14 15:00:00, 0, 0, 0, { }, {ok}
176734, 2025/10/14 15:15:00, 0, 0, 0, { }, {ok}
176735, 2025/10/14 15:30:00, 0, 0, 0, { }, {ok}
176736, 2025/10/14 15:45:00, 0, 0, 0, { }, {ok}
176737, 2025/10/14 16:00:00, 0, 0, 0, { }, {ok}
176738, 2025/10/14 16:15:00, 0, 0, 0, { }, {ok}
176739, 2025/10/14 16:30:00, 0, 0, 0, { }, {ok}
176740, 2025/10/14 16:45:00, 0, 0, 0, { }, {ok}
176741, 2025/10/14 17:00:00, 0, 0, 0, { }, {ok}
176742, 2025/10/14 17:15:00, 0, 0, 0, { }, {ok}
176743, 2025/10/14 17:30:00, 0, 0, 0, { }, {ok}
176744, 2025/10/14 17:45:00, 0, 0, 0, { }, {ok}
176745, 2025/10/14 18:00:00, 0, 0, 0, { }, {ok}
176746, 2025/10/14 18:15:00, 0, 0, 0, { }, {ok}
176747, 2025/10/14 18:30:00, 0, 0, 0, { }, {ok}
176748, 2025/10/14 18:45:00, 0, 0, 0, { }, {ok}
176749, 2025/10/14 19:00:00, 0, 0, 0, { }, {ok}
176750, 2025/10/14 19:15:00, 0, 0, 0, { }, {ok}
176751, 2025/10/14 19:30:00, 0, 0, 0, { }, {ok}
176752, 2025/10/14 19:45:00, 0, 0, 0, { }, {ok}
176753, 2025/10/14 20:00:00, 0, 0, 0, { }, {ok}
176754, 2025/10/14 20:15:00, 0, 0, 0, { }, {ok}
176755, 2025/10/14 20:30:01, 0, 0, 0, { }, {ok}
176756, 2025/10/14 20:45:00, 0, 0, 0, { }, {ok}
176757, 2025/10/14 21:00:00, 0, 0, 0, { }, {ok}
176758, 2025/10/14 21:15:00, 0, 0, 0, { }, {ok}
176759, 2025/10/14 21:30:00, 0, 0, 0, { }, {ok}
176760, 2025/10/14 21:45:00, 0, 0, 0, { }, {ok}
176761, 2025/10/14 22:00:00, 0, 0, 0, { }, {ok}
176762, 2025/10/14 22:15:00, 0, 0, 0, { }, {ok}
176763, 2025/10/14 22:30:00, 0, 0, 0, { }, {ok}
176764, 2025/10/14 22:45:00, 0, 0, 0, { }, {ok}
176765, 2025/10/14 23:00:00, 0, 0, 0, { }, {ok}
176766, 2025/10/14 23:15:00, 0, 0, 0, { }, {ok}
176767, 2025/10/14 23:30:00, 0, 0, 0, { }, {ok}
176768, 2025/10/14 23:45:00, 0, 0, 0, { }, {ok}
176769, 2025/10/15 00:00:00, 0, 0, 0, { }, {ok}
176770, 2025/10/15 00:15:00, 0, 0, 0, { }, {ok}
176771, 2025/10/15 00:30:00, 0, 0, 0, { }, {ok}
176772, 2025/10/15 00:45:00, 0, 0, 0, { }, {ok}
176773, 2025/10/15 01:00:00, 0, 0, 0, { }, {ok}
176774, 2025/10/15 01:15:00, 0, 0, 0, { }, {ok}
176775, 2025/10/15 01:30:00, 0, 0, 0, { }, {ok}
176776, 2025/10/15 01:45:00, 0, 0, 0, { }, {ok}
176901, 2025/10/15 02:00:00, 0, 0, 0, { }, {ok}
176902, 2025/10/15 02:15:00, 0, 0, 0, { }, {ok}
176903, 2025/10/15 02:30:01, 0, 0, 0, { }, {ok}
176904, 2025/10/15 02:45:00, 0, 0, 0, { }, {ok}
176905, 2025/10/15 03:00:00, 0, 0, 0, { }, {ok}
176906, 2025/10/15 03:15:00, 0, 0, 0, { }, {ok}
176907, 2025/10/15 03:30:00, 0, 0, 0, { }, {ok}
176908, 2025/10/15 03:45:01, 0, 0, 0, { }, {ok}
176909, 2025/10/15 04:00:00, 0, 0, 0, { }, {ok}
176910, 2025/10/15 04:15:00, 0, 0, 0, { }, {ok}
176911, 2025/10/15 04:30:00, 0, 0, 0, { }, {ok}
176912, 2025/10/15 04:45:00, 0, 0, 0, { }, {ok}
176913, 2025/10/15 05:00:01, 0, 0, 0, { }, {ok}
176914, 2025/10/15 05:15:00, 0, 0, 0, { }, {ok}
176915, 2025/10/15 05:30:01, 0, 0, 0, { }, {ok}
176916, 2025/10/15 05:45:00, 0, 0, 0, { }, {ok}
176917, 2025/10/15 06:00:00, 0, 0, 0, { }, {ok}
176918, 2025/10/15 06:15:00, 0, 0, 0, { }, {ok}
176919, 2025/10/15 06:30:00, 0, 0, 0, { }, {ok}
176920, 2025/10/15 06:45:00, 0, 0, 0, { }, {ok}
176921, 2025/10/15 07:00:00, 0, 0, 0, { }, {ok}
176922, 2025/10/15 07:15:01, 0, 0, 0, { }, {ok}
176923, 2025/10/15 07:30:00, 0, 0, 0, { }, {ok}
176924, 2025/10/15 07:45:00, 0, 0, 0, { }, {ok}
176925, 2025/10/15 08:00:00, 0, 0, 0, { }, {ok}
176926, 2025/10/15 08:15:00, 0, 0, 0, { }, {ok}
176927, 2025/10/15 08:30:00, 0, 0, 0, { }, {ok}
176928, 2025/10/15 08:45:00, 0, 0, 0, { }, {ok}
176929, 2025/10/15 09:00:00, 0, 0, 0, { }, {ok}
176930, 2025/10/15 09:15:01, 0, 0, 0, { }, {ok}
176931, 2025/10/15 09:30:00, 0, 0, 0, { }, {ok}
176932, 2025/10/15 09:45:00, 0, 0, 0, { }, {ok}
176933, 2025/10/15 10:00:00, 0, 0, 0, { }, {ok}
176934, 2025/10/15 10:15:01, 0, 0, 0, { }, {ok}
176935, 2025/10/15 10:30:01, 0, 0, 0, { }, {ok}
176936, 2025/10/15 10:45:00, 0, 0, 0, { }, {ok}
176937, 2025/10/15 11:00:00, 0, 0, 0, { }, {ok}
176938, 2025/10/15 11:15:00, 0, 0, 0, { }, {ok}
176939, 2025/10/15 11:30:01, 0, 0, 0, { }, {ok}
176940, 2025/10/15 11:45:00, 0, 0, 0, { }, {ok}
176941, 2025/10/15 12:00:00, 0, 0, 0, { }, {ok}
176942, 2025/10/15 12:15:00, 0, 0, 0, { }, {ok}
176943, 2025/10/15 12:30:00, 0, 0, 0, { }, {ok}
176944, 2025/10/15 12:45:00, 0, 0, 0, { }, {ok}
176945, 2025/10/15 13:00:00, 0, 0, 0, { }, {ok}
176946, 2025/10/15 13:15:00, 0, 0, 0, { }, {ok}
176947, 2025/10/15 13:30:00, 0, 0, 0, { }, {ok}
176948, 2025/10/15 13:45:00, 0, 0, 0, { }, {ok}
176949, 2025/10/15 14:00:00, 0, 0, 0, { }, {ok}
176950, 2025/10/15 14:15:00, 0, 0, 0, { }, {ok}
176951, 2025/10/15 14:30:01, 0, 0, 0, { }, {ok}
176952, 2025/10/15 14:45:00, 0, 0, 0, { }, {ok}
176953, 2025/10/15 15:00:00, 0, 0, 0, { }, {ok}
176954, 2025/10/15 15:15:00, 0, 0, 0, { }, {ok}
176955, 2025/10/15 15:30:00, 0, 0, 0, { }, {ok}
176956, 2025/10/15 15:45:01, 0, 0, 0, { }, {ok}
176957, 2025/10/15 16:00:00, 0, 0, 0, { }, {ok}
176958, 2025/10/15 16:15:00, 0, 0, 0, { }, {ok}
176959, 2025/10/15 16:30:00, 0, 0, 0, { }, {ok}
176960, 2025/10/15 16:45:00, 0, 0, 0, { }, {ok}
176961, 2025/10/15 17:00:00, 0, 0, 0, { }, {ok}
176962, 2025/10/15 17:15:00, 0, 0, 0, { }, {ok}
176963, 2025/10/15 17:30:00, 0, 0, 0, { }, {ok}
176964, 2025/10/15 17:45:00, 0, 0, 0, { }, {ok}
176965, 2025/10/15 18:00:00, 0, 0, 0, { }, {ok}
176966, 2025/10/15 18:15:00, 0, 0, 0, { }, {ok}
176967, 2025/10/15 18:30:00, 0, 0, 0, { }, {ok}
176968, 2025/10/15 18:45:00, 0, 0, 0, { }, {ok}
176969, 2025/10/15 19:00:00, 0, 0, 0, { }, {ok}
176970, 2025/10/15 19:15:00, 0, 0, 0, { }, {ok}
176971, 2025/10/15 19:30:00, 0, 0, 0, { }, {ok}
176972, 2025/10/15 19:45:00, 0, 0, 0, { }, {ok}
176973, 2025/10/15 20:00:00, 0, 0, 0, { }, {ok}
176974, 2025/10/15 20:15:00, 0, 0, 0, { }, {ok}
176975, 2025/10/15 20:30:00, 0, 0, 0, { }, {ok}
176976, 2025/10/15 20:45:00, 0, 0, 0, { }, {ok}
176977, 2025/10/15 21:00:00, 0, 0, 0, { }, {ok}
176978, 2025/10/15 21:15:00, 0, 0, 0, { }, {ok}
176979, 2025/10/15 21:30:00, 0, 0, 0, { }, {ok}
176980, 2025/10/15 21:45:00, 0, 0, 0, { }, {ok}
176981, 2025/10/15 22:00:00, 0, 0, 0, { }, {ok}
176982, 2025/10/15 22:15:01, 0, 0, 0, { }, {ok}
176983, 2025/10/15 22:30:00, 0, 0, 0, { }, {ok}
176984, 2025/10/15 22:45:00, 0, 0, 0, { }, {ok}
176985, 2025/10/15 23:00:00, 0, 0, 0, { }, {ok}
176986, 2025/10/15 23:15:00, 0, 0, 0, { }, {ok}
176987, 2025/10/15 23:30:00, 0, 0, 0, { }, {ok}
176988, 2025/10/15 23:45:00, 0, 0, 0, { }, {ok}
176989, 2025/10/16 00:00:00, 0, 0, 0, { }, {ok}
176990, 2025/10/16 00:15:00, 0, 0, 0, { }, {ok}
176991, 2025/10/16 00:30:01, 0, 0, 0, { }, {ok}
176992, 2025/10/16 00:45:00, 0, 0, 0, { }, {ok}
176993, 2025/10/16 01:00:00, 0, 0, 0, { }, {ok}
176994, 2025/10/16 01:15:00, 0, 0, 0, { }, {ok}
176995, 2025/10/16 01:30:00, 0, 0, 0, { }, {ok}
176996, 2025/10/16 01:45:01, 0, 0, 0, { }, {ok}
177121, 2025/10/16 02:00:00, 0, 0, 0, { }, {ok}
177122, 2025/10/16 02:15:00, 0, 0, 0, { }, {ok}
177123, 2025/10/16 02:30:00, 0, 0, 0, { }, {ok}
177124, 2025/10/16 02:45:00, 0, 0, 0, { }, {ok}
177125, 2025/10/16 03:00:00, 0, 0, 0, { }, {ok}
177126, 2025/10/16 03:15:00, 0, 0, 0, { }, {ok}
177127, 2025/10/16 03:30:00, 0, 0, 0, { }, {ok}
177128, 2025/10/16 03:45:00, 0, 0, 0, { }, {ok}
177129, 2025/10/16 04:00:00, 0, 0, 0, { }, {ok}
177130, 2025/10/16 04:15:00, 0, 0, 0, { }, {ok}
177131, 2025/10/16 04:30:00, 0, 0, 0, { }, {ok}
177132, 2025/10/16 04:45:00, 0, 0, 0, { }, {ok}
177133, 2025/10/16 05:00:01, 0, 0, 0, { }, {ok}
177134, 2025/10/16 05:15:00, 0, 0, 0, { }, {ok}
177135, 2025/10/16 05:30:00, 0, 0, 0, { }, {ok}
177136, 2025/10/16 05:45:00, 0, 0, 0, { }, {ok}
177137, 2025/10/16 06:00:00, 0, 0, 0, { }, {ok}
177138, 2025/10/16 06:15:00, 0, 0, 0, { }, {ok}
177139, 2025/10/16 06:30:00, 0, 0, 0, { }, {ok}
177140, 2025/10/16 06:45:00, 0, 0, 0, { }, {ok}
177141, 2025/10/16 07:00:00, 0, 0, 0, { }, {ok}
177142, 2025/10/16 07:15:00, 0, 0, 0, { }, {ok}
177143, 2025/10/16 07:30:00, 0, 0, 0, { }, {ok}
177144, 2025/10/16 07:45:00, 0, 0, 0, { }, {ok}
177145, 2025/10/16 08:00:00, 0, 0, 0, { }, {ok}
177146, 2025/10/16 08:15:00, 0, 0, 0, { }, {ok}
177147, 2025/10/16 08:30:00, 0, 0, 0, { }, {ok}
177148, 2025/10/16 08:45:00, 0, 0, 0, { }, {ok}
177149, 2025/10/16 09:00:00, 0, 0, 0, { }, {ok}
177150, 2025/10/16 09:15:00, 0, 0, 0, { }, {ok}
177151, 2025/10/16 09:30:00, 0, 0, 0, { }, {ok}
177152, 2025/10/16 09:45:00, 0, 0, 0, { }, {ok}
177153, 2025/10/16 10:00:00, 0, 0, 0, { }, {ok}
177154, 2025/10/16 10:15:00, 0, 0, 0, { }, {ok}
177155, 2025/10/16 10:30:01, 0, 0, 0, { }, {ok}
177156, 2025/10/16 10:45:00, 0, 0, 0, { }, {ok}
177157, 2025/10/16 11:00:00, 0, 0, 0, { }, {ok}
177158, 2025/10/16 11:15:00, 0, 0, 0, { }, {ok}
177159, 2025/10/16 11:30:00, 0, 0, 0, { }, {ok}
177160, 2025/10/16 11:45:00, 0, 0, 0, { }, {ok}
177161, 2025/10/16 12:00:00, 0, 0, 0, { }, {ok}
177162, 2025/10/16 12:15:00, 0, 0, 0, { }, {ok}
177163, 2025/10/16 12:30:00, 0, 0, 0, { }, {ok}
177164, 2025/10/16 12:45:00, 0, 0, 0, { }, {ok}
177165, 2025/10/16 13:00:00, 0, 0, 0, { }, {ok}
177166, 2025/10/16 13:15:00, 0, 0, 0, { }, {ok}
177167, 2025/10/16 13:30:00, 0, 0, 0, { }, {ok}
177168, 2025/10/16 13:45:00, 0, 0, 0, { }, {ok}
177169, 2025/10/16 14:00:00, 0, 0, 0, { }, {ok}
177170, 2025/10/16 14:15:00, 0, 0, 0, { }, {ok}
177171, 2025/10/16 14:30:00, 0, 0, 0, { }, {ok}
177172, 2025/10/16 14:45:00, 0, 0, 0, { }, {ok}
177173, 2025/10/16 15:00:00, 0, 0, 0, { }, {ok}
177174, 2025/10/16 15:15:01, 0, 0, 0, { }, {ok}
177175, 2025/10/16 15:30:01, 0, 0, 0, { }, {ok}
177176, 2025/10/16 15:45:00, 0, 0, 0, { }, {ok}
177177, 2025/10/16 16:00:01, 0, 0, 0, { }, {ok}
177178, 2025/10/16 16:15:00, 0, 0, 0, { }, {ok}
177179, 2025/10/16 16:30:00, 0, 0, 0, { }, {ok}
177180, 2025/10/16 16:45:00, 0, 0, 0, { }, {ok}
177181, 2025/10/16 17:00:00, 0, 0, 0, { }, {ok}
177182, 2025/10/16 17:15:00, 0, 0, 0, { }, {ok}
177183, 2025/10/16 17:30:00, 0, 0, 0, { }, {ok}
177184, 2025/10/16 17:45:00, 0, 0, 0, { }, {ok}
177185, 2025/10/16 18:00:00, 0, 0, 0, { }, {ok}
177186, 2025/10/16 18:15:00, 0, 0, 0, { }, {ok}
177187, 2025/10/16 18:30:00, 0, 0, 0, { }, {ok}
177188, 2025/10/16 18:45:01, 0, 0, 0, { }, {ok}
177189, 2025/10/16 19:00:00, 0, 0, 0, { }, {ok}
177190, 2025/10/16 19:15:00, 0, 0, 0, { }, {ok}
177191, 2025/10/16 19:30:00, 0, 0, 0, { }, {ok}
177192, 2025/10/16 19:45:00, 0, 0, 0, { }, {ok}
177193, 2025/10/16 20:00:01, 0, 0, 0, { }, {ok}
177194, 2025/10/16 20:15:00, 0, 0, 0, { }, {ok}
177195, 2025/10/16 20:30:00, 0, 0, 0, { }, {ok}
177196, 2025/10/16 20:45:00, 0, 0, 0, { }, {ok}
177197, 2025/10/16 21:00:00, 0, 0, 0, { }, {ok}
177198, 2025/10/16 21:15:00, 0, 0, 0, { }, {ok}
177199, 2025/10/16 21:30:00, 0, 0, 0, { }, {ok}
177200, 2025/10/16 21:45:00, 0, 0, 0, { }, {ok}
177201, 2025/10/16 22:00:00, 0, 0, 0, { }, {ok}
177202, 2025/10/16 22:15:00, 0, 0, 0, { }, {ok}
177203, 2025/10/16 22:30:00, 0, 0, 0, { }, {ok}
177204, 2025/10/16 22:45:01, 0, 0, 0, { }, {ok}
177205, 2025/10/16 23:00:00, 0, 0, 0, { }, {ok}
177206, 2025/10/16 23:15:00, 0, 0, 0, { }, {ok}
177207, 2025/10/16 23:30:00, 0, 0, 0, { }, {ok}
177208, 2025/10/16 23:45:00, 0, 0, 0, { }, {ok}
177209, 2025/10/17 00:00:00, 0, 0, 0, { }, {ok}
177210, 2025/10/17 00:15:00, 0, 0, 0, { }, {ok}
177211, 2025/10/17 00:30:00, 0, 0, 0, { }, {ok}
177212, 2025/10/17 00:45:00, 0, 0, 0, { }, {ok}
177213, 2025/10/17 01:00:00, 0, 0, 0, { }, {ok}
177214, 2025/10/17 01:15:00, 0, 0, 0, { }, {ok}
177215, 2025/10/17 01:30:00, 0, 0, 0, { }, {ok}
177216, 2025/10/17 01:45:00, 0, 0, 0, { }, {ok}
177217, 2025/10/17 02:00:00, 0, 0, 0, { }, {ok}
177341, 2025/10/17 02:15:00, 0, 0, 0, { }, {ok}
177342, 2025/10/17 02:30:00, 0, 0, 0, { }, {ok}
177343, 2025/10/17 02:45:01, 0, 0, 0, { }, {ok}
177344, 2025/10/17 03:00:00, 0, 0, 0, { }, {ok}
177345, 2025/10/17 03:15:00, 0, 0, 0, { }, {ok}
177346, 2025/10/17 03:30:00, 0, 0, 0, { }, {ok}
177347, 2025/10/17 03:45:00, 0, 0, 0, { }, {ok}
177348, 2025/10/17 04:00:00, 0, 0, 0, { }, {ok}
177349, 2025/10/17 04:15:00, 0, 0, 0, { }, {ok}
177350, 2025/10/17 04:30:00, 0, 0, 0, { }, {ok}
177351, 2025/10/17 04:45:01, 0, 0, 0, { }, {ok}
177352, 2025/10/17 05:00:01, 0, 0, 0, { }, {ok}
177353, 2025/10/17 05:15:00, 0, 0, 0, { }, {ok}
177354, 2025/10/17 05:30:00, 0, 0, 0, { }, {ok}
177355, 2025/10/17 05:45:00, 0, 0, 0, { }, {ok}
177356, 2025/10/17 06:00:00, 0, 0, 0, { }, {ok}
177357, 2025/10/17 06:15:00, 0, 0, 0, { }, {ok}
177358, 2025/10/17 06:30:00, 0, 0, 0, { }, {ok}
177359, 2025/10/17 06:45:00, 0, 0, 0, { }, {ok}
177360, 2025/10/17 07:00:00, 0, 0, 0, { }, {ok}
177361, 2025/10/17 07:15:01, 0, 0, 0, { }, {ok}
177362, 2025/10/17 07:30:00, 0, 0, 0, { }, {ok}
177363, 2025/10/17 07:45:01, 0, 0, 0, { }, {ok}
177364, 2025/10/17 08:00:00, 0, 0, 0, { }, {ok}
177365, 2025/10/17 08:15:00, 0, 0, 0, { }, {ok}
177366, 2025/10/17 08:30:00, 0, 0, 0, { }, {ok}
177367, 2025/10/17 08:45:00, 0, 0, 0, { }, {ok}
177368, 2025/10/17 09:00:00, 0, 0, 0, { }, {ok}
177369, 2025/10/17 09:15:00, 0, 0, 0, { }, {ok}
177370, 2025/10/17 09:30:00, 0, 0, 0, { }, {ok}
177371, 2025/10/17 09:45:00, 0, 0, 0, { }, {ok}
177372, 2025/10/17 10:00:01, 0, 0, 0, { }, {ok}
177373, 2025/10/17 10:15:00, 0, 0, 0, { }, {ok}
177374, 2025/10/17 10:30:00, 0, 0, 0, { }, {ok}
177375, 2025/10/17 10:45:00, 0, 0, 0, { }, {ok}
177376, 2025/10/17 11:00:00, 0, 0, 0, { }, {ok}
177377, 2025/10/17 11:15:00, 0, 0, 0, { }, {ok}
177378, 2025/10/17 11:30:01, 0, 0, 0, { }, {ok}
177379, 2025/10/17 11:45:00, 0, 0, 0, { }, {ok}
177380, 2025/10/17 12:00:00, 0, 0, 0, { }, {ok}
177381, 2025/10/17 12:15:00, 0, 0, 0, { }, {ok}
177382, 2025/10/17 12:30:00, 0, 0, 0, { }, {ok}
177383, 2025/10/17 12:45:00, 0, 0, 0, { }, {ok}
177384, 2025/10/17 13:00:00, 0, 0, 0, { }, {ok}
177385, 2025/10/17 13:15:00, 0, 0, 0, { }, {ok}
177386, 2025/10/17 13:30:00, 0, 0, 0, { }, {ok}
177387, 2025/10/17 13:45:00, 0, 0, 0, { }, {ok}
177388, 2025/10/17 14:00:01, 0, 0, 0, { }, {ok}
177389, 2025/10/17 14:15:00, 0, 0, 0, { }, {ok}
177390, 2025/10/17 14:30:00, 0, 0, 0, { }, {ok}
177391, 2025/10/17 14:45:00, 0, 0, 0, { }, {ok}
177392, 2025/10/17 15:00:00, 0, 0, 0, { }, {ok}
177393, 2025/10/17 15:15:00, 0, 0, 0, { }, {ok}
177394, 2025/10/17 15:30:01, 0, 0, 0, { }, {ok}
177395, 2025/10/17 15:45:00, 0, 0, 0, { }, {ok}
177396, 2025/10/17 16:00:01, 0, 0, 0, { }, {ok}
177397, 2025/10/17 16:15:00, 0, 0, 0, { }, {ok}
177398, 2025/10/17 16:30:00, 0, 0, 0, { }, {ok}
177399, 2025/10/17 16:45:00, 0, 0, 0, { }, {ok}
177400, 2025/10/17 17:00:00, 0, 0, 0, { }, {ok}
177401, 2025/10/17 17:15:01, 0, 0, 0, { }, {ok}
177402, 2025/10/17 17:30:00, 0, 0, 0, { }, {ok}
177403, 2025/10/17 17:45:01, 0, 0, 0, { }, {ok}
177404, 2025/10/17 18:00:01, 0, 0, 0, { }, {ok}
177405, 2025/10/17 18:15:00, 0, 0, 0, { }, {ok}
177406, 2025/10/17 18:30:00, 0, 0, 0, { }, {ok}
177407, 2025/10/17 18:45:00, 0, 0, 0, { }, {ok}
177408, 2025/10/17 19:00:01, 0, 0, 0, { }, {ok}
177409, 2025/10/17 19:15:00, 0, 0, 0, { }, {ok}
177410, 2025/10/17 19:30:00, 0, 0, 0, { }, {ok}
177411, 2025/10/17 19:45:00, 0, 0, 0, { }, {ok}
177412, 2025/10/17 20:00:00, 0, 0, 0, { }, {ok}
177413, 2025/10/17 20:15:00, 0, 0, 0, { }, {ok}
177414, 2025/10/17 20:30:01, 0, 0, 0, { }, {ok}
177415, 2025/10/17 20:45:00, 0, 0, 0, { }, {ok}
177416, 2025/10/17 21:00:00, 0, 0, 0, { }, {ok}
177417, 2025/10/17 21:15:00, 0, 0, 0, { }, {ok}
177418, 2025/10/17 21:30:00, 0, 0, 0, { }, {ok}
177419, 2025/10/17 21:45:00, 0, 0, 0, { }, {ok}
177420, 2025/10/17 22:00:00, 0, 0, 0, { }, {ok}
177421, 2025/10/17 22:15:00, 0, 0, 0, { }, {ok}
177422, 2025/10/17 22:30:00, 0, 0, 0, { }, {ok}
177423, 2025/10/17 22:45:00, 0, 0, 0, { }, {ok}
177424, 2025/10/17 23:00:00, 0, 0, 0, { }, {ok}
177425, 2025/10/17 23:15:00, 0, 0, 0, { }, {ok}
177426, 2025/10/17 23:30:00, 0, 0, 0, { }, {ok}
177427, 2025/10/17 23:45:00, 0, 0, 0, { }, {ok}
177428, 2025/10/18 00:00:01, 0, 0, 0, { }, {ok}
177429, 2025/10/18 00:15:00, 0, 0, 0, { }, {ok}
177430, 2025/10/18 00:30:00, 0, 0, 0, { }, {ok}
177431, 2025/10/18 00:45:00, 0, 0, 0, { }, {ok}
177432, 2025/10/18 01:00:00, 0, 0, 0, { }, {ok}
177433, 2025/10/18 01:15:00, 0, 0, 0, { }, {ok}
177434, 2025/10/18 01:30:00, 0, 0, 0, { }, {ok}
177435, 2025/10/18 01:45:00, 0, 0, 0, { }, {ok}
177561, 2025/10/18 02:00:00, 0, 0, 0, { }, {ok}
177562, 2025/10/18 02:15:00, 0, 0, 0, { }, {ok}
177563, 2025/10/18 02:30:00, 0, 0, 0, { }, {ok}
177564, 2025/10/18 02:45:00, 0, 0, 0, { }, {ok}
177565, 2025/10/18 03:00:00, 0, 0, 0, { }, {ok}
177566, 2025/10/18 03:15:01, 0, 0, 0, { }, {ok}
177567, 2025/10/18 03:30:00, 0, 0, 0, { }, {ok}
177568, 2025/10/18 03:45:00, 0, 0, 0, { }, {ok}
177569, 2025/10/18 04:00:00, 0, 0, 0, { }, {ok}
177570, 2025/10/18 04:15:00, 0, 0, 0, { }, {ok}
177571, 2025/10/18 04:30:00, 0, 0, 0, { }, {ok}
177572, 2025/10/18 04:45:01, 0, 0, 0, { }, {ok}
177573, 2025/10/18 05:00:00, 0, 0, 0, { }, {ok}
177574, 2025/10/18 05:15:01, 0, 0, 0, { }, {ok}
177575, 2025/10/18 05:30:00, 0, 0, 0, { }, {ok}
177576, 2025/10/18 05:45:01, 0, 0, 0, { }, {ok}
177577, 2025/10/18 06:00:00, 0, 0, 0, { }, {ok}
177578, 2025/10/18 06:15:00, 0, 0, 0, { }, {ok}
177579, 2025/10/18 06:30:00, 0, 0, 0, { }, {ok}
177580, 2025/10/18 06:45:00, 0, 0, 0, { }, {ok}
177581, 2025/10/18 07:00:00, 0, 0, 0, { }, {ok}
177582, 2025/10/18 07:15:01, 0, 0, 0, { }, {ok}
177583, 2025/10/18 07:30:00, 0, 0, 0, { }, {ok}
177584, 2025/10/18 07:45:00, 0, 0, 0, { }, {ok}
177585, 2025/10/18 08:00:00, 0, 0, 0, { }, {ok}
177586, 2025/10/18 08:15:01, 0, 0, 0, { }, {ok}
177587, 2025/10/18 08:30:00, 0, 0, 0, { }, {ok}
177588, 2025/10/18 08:45:00, 0, 0, 0, { }, {ok}
177589, 2025/10/18 09:00:00, 0, 0, 0, { }, {ok}
177590, 2025/10/18 09:15:00, 0, 0, 0, { }, {ok}
177591, 2025/10/18 09:30:00, 0, 0, 0, { }, {ok}
177592, 2025/10/18 09:45:00, 0, 0, 0, { }, {ok}
177593, 2025/10/18 10:00:00, 0, 0, 0, { }, {ok}
177594, 2025/10/18 10:15:00, 0, 0, 0, { }, {ok}
177595, 2025/10/18 10:30:00, 0, 0, 0, { }, {ok}
177596, 2025/10/18 10:45:01, 0, 0, 0, { }, {ok}
177597, 2025/10/18 11:00:00, 0, 0, 0, { }, {ok}
177598, 2025/10/18 11:15:00, 0, 0, 0, { }, {ok}
177599, 2025/10/18 11:30:00, 0, 0, 0, { }, {ok}
177600, 2025/10/18 11:45:00, 0, 0, 0, { }, {ok}
177601, 2025/10/18 12:00:00, 0, 0, 0, { }, {ok}
177602, 2025/10/18 12:15:00, 0, 0, 0, { }, {ok}
177603, 2025/10/18 12:30:00, 0, 0, 0, { }, {ok}
177604, 2025/10/18 12:45:00, 0, 0, 0, { }, {ok}
177605, 2025/10/18 13:00:00, 0, 0, 0, { }, {ok}
177606, 2025/10/18 13:15:00, 0, 0, 0, { }, {ok}
177607, 2025/10/18 13:30:00, 0, 0, 0, { }, {ok}
177608, 2025/10/18 13:45:00, 0, 0, 0, { }, {ok}
177609, 2025/10/18 14:00:01, 0, 0, 0, { }, {ok}
177610, 2025/10/18 14:15:00, 0, 0, 0, { }, {ok}
177611, 2025/10/18 14:30:00, 0, 0, 0, { }, {ok}
177612, 2025/10/18 14:45:00, 0, 0, 0, { }, {ok}
177613, 2025/10/18 15:00:00, 0, 0, 0, { }, {ok}
177614, 2025/10/18 15:15:01, 0, 0, 0, { }, {ok}
177615, 2025/10/18 15:30:00, 0, 0, 0, { }, {ok}
177616, 2025/10/18 15:45:00, 0, 0, 0, { }, {ok}
177617, 2025/10/18 16:00:01, 0, 0, 0, { }, {ok}
177618, 2025/10/18 16:15:00, 0, 0, 0, { }, {ok}
177619, 2025/10/18 16:30:00, 0, 0, 0, { }, {ok}
177620, 2025/10/18 16:45:00, 0, 0, 0, { }, {ok}
177621, 2025/10/18 17:00:01, 0, 0, 0, { }, {ok}
177622, 2025/10/18 17:15:01, 0, 0, 0, { }, {ok}
177623, 2025/10/18 17:30:00, 0, 0, 0, { }, {ok}
177624, 2025/10/18 17:45:00, 0, 0, 0, { }, {ok}
177625, 2025/10/18 18:00:00, 0, 0, 0, { }, {ok}
177626, 2025/10/18 18:15:00, 0, 0, 0, { }, {ok}
177627, 2025/10/18 18:30:00, 0, 0, 0, { }, {ok}
177628, 2025/10/18 18:45:00, 0, 0, 0, { }, {ok}
177629, 2025/10/18 19:00:01, 0, 0, 0, { }, {ok}
177630, 2025/10/18 19:15:00, 0, 0, 0, { }, {ok}
177631, 2025/10/18 19:30:00, 0, 0, 0, { }, {ok}
177632, 2025/10/18 19:45:00, 0, 0, 0, { }, {ok}
177633, 2025/10/18 20:00:00, 0, 0, 0, { }, {ok}
177634, 2025/10/18 20:15:00, 0, 0, 0, { }, {ok}
177635, 2025/10/18 20:30:00, 0, 0, 0, { }, {ok}
177636, 2025/10/18 20:45:00, 0, 0, 0, { }, {ok}
177637, 2025/10/18 21:00:01, 0, 0, 0, { }, {ok}
177638, 2025/10/18 21:15:00, 0, 0, 0, { }, {ok}
177639, 2025/10/18 21:30:00, 0, 0, 0, { }, {ok}
177640, 2025/10/18 21:45:00, 0, 0, 0, { }, {ok}
177641, 2025/10/18 22:00:00, 0, 0, 0, { }, {ok}
177642, 2025/10/18 22:15:01, 0, 0, 0, { }, {ok}
177643, 2025/10/18 22:30:00, 0, 0, 0, { }, {ok}
177644, 2025/10/18 22:45:00, 0, 0, 0, { }, {ok}
177645, 2025/10/18 23:00:00, 0, 0, 0, { }, {ok}
177646, 2025/10/18 23:15:00, 0, 0, 0, { }, {ok}
177647, 2025/10/18 23:30:00, 0, 0, 0, { }, {ok}
177648, 2025/10/18 23:45:00, 0, 0, 0, { }, {ok}
177649, 2025/10/19 00:00:00, 0, 0, 0, { }, {ok}
177650, 2025/10/19 00:15:00, 0, 0, 0, { }, {ok}
177651, 2025/10/19 00:30:00, 0, 0, 0, { }, {ok}
177652, 2025/10/19 00:45:00, 0, 0, 0, { }, {ok}
177653, 2025/10/19 01:00:00, 0, 0, 0, { }, {ok}
177654, 2025/10/19 01:15:00, 0, 0, 0, { }, {ok}
177655, 2025/10/19 01:30:00, 0, 0, 0, { }, {ok}
177656, 2025/10/19 01:45:00, 0, 0, 0, { }, {ok}
177781, 2025/10/19 02:00:00, 0, 0, 0, { }, {ok}
177782, 2025/10/19 02:15:00, 0, 0, 0, { }, {ok}
177783, 2025/10/19 02:30:00, 0, 0, 0, { }, {ok}
177784, 2025/10/19 02:45:00, 0, 0, 0, { }, {ok}
177785, 2025/10/19 03:00:01, 0, 0, 0, { }, {ok}
177786, 2025/10/19 03:15:00, 0, 0, 0, { }, {ok}
177787, 2025/10/19 03:30:00, 0, 0, 0, { }, {ok}
177788, 2025/10/19 03:45:00, 0, 0, 0, { }, {ok}
177789, 2025/10/19 04:00:01, 0, 0, 0, { }, {ok}
177790, 2025/10/19 04:15:00, 0, 0, 0, { }, {ok}
177791, 2025/10/19 04:30:00, 0, 0, 0, { }, {ok}
177792, 2025/10/19 04:45:00, 0, 0, 0, { }, {ok}
177793, 2025/10/19 05:00:00, 0, 0, 0, { }, {ok}
177794, 2025/10/19 05:15:01, 0, 0, 0, { }, {ok}
177795, 2025/10/19 05:30:00, 0, 0, 0, { }, {ok}
177796, 2025/10/19 05:45:00, 0, 0, 0, { }, {ok}
177797, 2025/10/19 06:00:00, 0, 0, 0, { }, {ok}
177798, 2025/10/19 06:15:00, 0, 0, 0, { }, {ok}
177799, 2025/10/19 06:30:00, 0, 0, 0, { }, {ok}
177800, 2025/10/19 06:45:00, 0, 0, 0, { }, {ok}
177801, 2025/10/19 07:00:00, 0, 0, 0, { }, {ok}
177802, 2025/10/19 07:15:00, 0, 0, 0, { }, {ok}
177803, 2025/10/19 07:30:00, 0, 0, 0, { }, {ok}
177804, 2025/10/19 07:45:00, 0, 0, 0, { }, {ok}
177805, 2025/10/19 08:00:00, 0, 0, 0, { }, {ok}
177806, 2025/10/19 08:15:00, 0, 0, 0, { }, {ok}
177807, 2025/10/19 08:30:00, 0, 0, 0, { }, {ok}
177808, 2025/10/19 08:45:00, 0, 0, 0, { }, {ok}
177809, 2025/10/19 09:00:00, 0, 0, 0, { }, {ok}
177810, 2025/10/19 09:15:00, 0, 0, 0, { }, {ok}
177811, 2025/10/19 09:30:00, 0, 0, 0, { }, {ok}
177812, 2025/10/19 09:45:00, 0, 0, 0, { }, {ok}
177813, 2025/10/19 10:00:00, 0, 0, 0, { }, {ok}
177814, 2025/10/19 10:15:00, 0, 0, 0, { }, {ok}
177815, 2025/10/19 10:30:00, 0, 0, 0, { }, {ok}
177816, 2025/10/19 10:45:00, 0, 0, 0, { }, {ok}
177817, 2025/10/19 11:00:00, 0, 0, 0, { }, {ok}
177818, 2025/10/19 11:15:00, 0, 0, 0, { }, {ok}
177819, 2025/10/19 11:30:00, 0, 0, 0, { }, {ok}
177820, 2025/10/19 11:45:01, 0, 0, 0, { }, {ok}
177821, 2025/10/19 12:00:00, 0, 0, 0, { }, {ok}
177822, 2025/10/19 12:15:00, 0, 0, 0, { }, {ok}
177823, 2025/10/19 12:30:00, 0, 0, 0, { }, {ok}
177824, 2025/10/19 12:45:00, 0, 0, 0, { }, {ok}
177825, 2025/10/19 13:00:00, 0, 0, 0, { }, {ok}
177826, 2025/10/19 13:15:00, 0, 0, 0, { }, {ok}
177827, 2025/10/19 13:30:00, 0, 0, 0, { }, {ok}
177828, 2025/10/19 13:45:00, 0, 0, 0, { }, {ok}
177829, 2025/10/19 14:00:00, 0, 0, 0, { }, {ok}
177830, 2025/10/19 14:15:00, 0, 0, 0, { }, {ok}
177831, 2025/10/19 14:30:00, 0, 0, 0, { }, {ok}
177832, 2025/10/19 14:45:00, 0, 0, 0, { }, {ok}
177833, 2025/10/19 15:00:00, 0, 0, 0, { }, {ok}
177834, 2025/10/19 15:15:00, 0, 0, 0, { }, {ok}
177835, 2025/10/19 15:30:00, 0, 0, 0, { }, {ok}
177836, 2025/10/19 15:45:01, 0, 0, 0, { }, {ok}
177837, 2025/10/19 16:00:00, 0, 0, 0, { }, {ok}
177838, 2025/10/19 16:15:00, 0, 0, 0, { }, {ok}
177839, 2025/10/19 16:30:00, 0, 0, 0, { }, {ok}
177840, 2025/10/19 16:45:00, 0, 0, 0, { }, {ok}
177841, 2025/10/19 17:00:00, 0, 0, 0, { }, {ok}
177842, 2025/10/19 17:15:00, 0, 0, 0, { }, {ok}
177843, 2025/10/19 17:30:00, 0, 0, 0, { }, {ok}
177844, 2025/10/19 17:45:00, 0, 0, 0, { }, {ok}
177845, 2025/10/19 18:00:00, 0, 0, 0, { }, {ok}
177846, 2025/10/19 18:15:00, 0, 0, 0, { }, {ok}
177847, 2025/10/19 18:30:01, 0, 0, 0, { }, {ok}
177848, 2025/10/19 18:45:00, 0, 0, 0, { }, {ok}
177849, 2025/10/19 19:00:00, 0, 0, 0, { }, {ok}
177850, 2025/10/19 19:15:00, 0, 0, 0, { }, {ok}
177851, 2025/10/19 19:30:00, 0, 0, 0, { }, {ok}
177852, 2025/10/19 19:45:01, 0, 0, 0, { }, {ok}
177853, 2025/10/19 20:00:00, 0, 0, 0, { }, {ok}
177854, 2025/10/19 20:15:00, 0, 0, 0, { }, {ok}
177855, 2025/10/19 20:30:00, 0, 0, 0, { }, {ok}
177856, 2025/10/19 20:45:00, 0, 0, 0, { }, {ok}
177857, 2025/10/19 21:00:00, 0, 0, 0, { }, {ok}
177858, 2025/10/19 21:15:00, 0, 0, 0, { }, {ok}
177859, 2025/10/19 21:30:00, 0, 0, 0, { }, {ok}
177860, 2025/10/19 21:45:00, 0, 0, 0, { }, {ok}
177861, 2025/10/19 22:00:00, 0, 0, 0, { }, {ok}
177862, 2025/10/19 22:15:00, 0, 0, 0, { }, {ok}
177863, 2025/10/19 22:30:00, 0, 0, 0, { }, {ok}
177864, 2025/10/19 22:45:00, 0, 0, 0, { }, {ok}
177865, 2025/10/19 23:00:00, 0, 0, 0, { }, {ok}
177866, 2025/10/19 23:15:00, 0, 0, 0, { }, {ok}
177867, 2025/10/19 23:30:00, 0, 0, 0, { }, {ok}
177868, 2025/10/19 23:45:00, 0, 0, 0, { }, {ok}
177869, 2025/10/20 00:00:00, 0, 0, 0, { }, {ok}
177870, 2025/10/20 00:15:00, 0, 0, 0, { }, {ok}
177871, 2025/10/20 00:30:00, 0, 0, 0, { }, {ok}
177872, 2025/10/20 00:45:00, 0, 0, 0, { }, {ok}
177873, 2025/10/20 01:00:00, 0, 0, 0, { }, {ok}
177874, 2025/10/20 01:15:01, 0, 0, 0, { }, {ok}
177875, 2025/10/20 01:30:00, 0, 0, 0, { }, {ok}
177876, 2025/10/20 01:45:00, 0, 0, 0, { }, {ok}
178001, 2025/10/20 02:00:00, 0, 0, 0, { }, {ok}
178002, 2025/10/20 02:15:00, 0, 0, 0, { }, {ok}
178003, 2025/10/20 02:30:00, 0, 0, 0, { }, {ok}
178004, 2025/10/20 02:45:00, 0, 0, 0, { }, {ok}
178005, 2025/10/20 03:00:01, 0, 0, 0, { }, {ok}
178006, 2025/10/20 03:15:00, 0, 0, 0, { }, {ok}
178007, 2025/10/20 03:30:00, 0, 0, 0, { }, {ok}
178008, 2025/10/20 03:45:00, 0, 0, 0, { }, {ok}
178009, 2025/10/20 04:00:00, 0, 0, 0, { }, {ok}
178010, 2025/10/20 04:15:00, 0, 0, 0, { }, {ok}
178011, 2025/10/20 04:30:00, 0, 0, 0, { }, {ok}
178012, 2025/10/20 04:45:00, 0, 0, 0, { }, {ok}
178013, 2025/10/20 05:00:00, 0, 0, 0, { }, {ok}
178014, 2025/10/20 05:15:00, 0, 0, 0, { }, {ok}
178015, 2025/10/20 05:30:00, 0, 0, 0, { }, {ok}
178016, 2025/10/20 05:45:00, 0, 0, 0, { }, {ok}
178017, 2025/10/20 06:00:00, 0, 0, 0, { }, {ok}
178018, 2025/10/20 06:15:00, 0, 0, 0, { }, {ok}
178019, 2025/10/20 06:30:01, 0, 0, 0, { }, {ok}
178020, 2025/10/20 06:45:00, 0, 0, 0, { }, {ok}
178021, 2025/10/20 07:00:00, 0, 0, 0, { }, {ok}
178022, 2025/10/20 07:15:00, 0, 0, 0, { }, {ok}
178023, 2025/10/20 07:30:00, 0, 0, 0, { }, {ok}
178024, 2025/10/20 07:45:00, 0, 0, 0, { }, {ok}
178025, 2025/10/20 08:00:00, 0, 0, 0, { }, {ok}
178026, 2025/10/20 08:15:00, 0, 0, 0, { }, {ok}
178027, 2025/10/20 08:30:00, 0, 0, 0, { }, {ok}
178028, 2025/10/20 08:45:00, 0, 0, 0, { }, {ok}
178029, 2025/10/20 09:00:00, 0, 0, 0, { }, {ok}
178030, 2025/10/20 09:15:00, 0, 0, 0, { }, {ok}
178031, 2025/10/20 09:30:00, 0, 0, 0, { }, {ok}
178032, 2025/10/20 09:45:00, 0, 0, 0, { }, {ok}
178033, 2025/10/20 10:00:00, 0, 0, 0, { }, {ok}
178034, 2025/10/20 10:15:01, 0, 0, 0, { }, {ok}
178035, 2025/10/20 10:30:00, 0, 0, 0, { }, {ok}
178036, 2025/10/20 10:45:00, 0, 0, 0, { }, {ok}
178037, 2025/10/20 11:00:00, 0, 0, 0, { }, {ok}
178038, 2025/10/20 11:15:01, 0, 0, 0, { }, {ok}
178039, 2025/10/20 11:30:00, 0, 0, 0, { }, {ok}
178040, 2025/10/20 11:45:00, 0, 0, 0, { }, {ok}
178041, 2025/10/20 12:00:00, 0, 0, 0, { }, {ok}
178042, 2025/10/20 12:15:00, 0, 0, 0, { }, {ok}
178043, 2025/10/20 12:30:00, 0, 0, 0, { }, {ok}
178044, 2025/10/20 12:45:00, 0, 0, 0, { }, {ok}
178045, 2025/10/20 13:00:00, 0, 0, 0, { }, {ok}
178046, 2025/10/20 13:15:00, 0, 0, 0, { }, {ok}
178047, 2025/10/20 13:30:00, 0, 0, 0, { }, {ok}
178048, 2025/10/20 13:45:00, 0, 0, 0, { }, {ok}
178049, 2025/10/20 14:00:00, 0, 0, 0, { }, {ok}
178050, 2025/10/20 14:15:00, 0, 0, 0, { }, {ok}
178051, 2025/10/20 14:30:00, 0, 0, 0, { }, {ok}
178052, 2025/10/20 14:45:00, 0, 0, 0, { }, {ok}
178053, 2025/10/20 15:00:00, 0, 0, 0, { }, {ok}
178054, 2025/10/20 15:15:00, 0, 0, 0, { }, {ok}
178055, 2025/10/20 15:30:00, 0, 0, 0, { }, {ok}
178056, 2025/10/20 15:45:00, 0, 0, 0, { }, {ok}
178057, 2025/10/20 16:00:00, 0, 0, 0, { }, {ok}
178058, 2025/10/20 16:15:00, 0, 0, 0, { }, {ok}
178059, 2025/10/20 16:30:01, 0, 0, 0, { }, {ok}
178060, 2025/10/20 16:45:00, 0, 0, 0, { }, {ok}
178061, 2025/10/20 17:00:00, 0, 0, 0, { }, {ok}
178062, 2025/10/20 17:15:00, 0, 0, 0, { }, {ok}
178063, 2025/10/20 17:30:00, 0, 0, 0, { }, {ok}
178064, 2025/10/20 17:45:00, 0, 0, 0, { }, {ok}
178065, 2025/10/20 18:00:00, 0, 0, 0, { }, {ok}
178066, 2025/10/20 18:15:01, 0, 0, 0, { }, {ok}
178067, 2025/10/20 18:30:00, 0, 0, 0, { }, {ok}
178068, 2025/10/20 18:45:00, 0, 0, 0, { }, {ok}
178069, 2025/10/20 19:00:00, 0, 0, 0, { }, {ok}
178070, 2025/10/20 19:15:00, 0, 0, 0, { }, {ok}
178071, 2025/10/20 19:30:01, 0, 0, 0, { }, {ok}
178072, 2025/10/20 19:45:00, 0, 0, 0, { }, {ok}
178073, 2025/10/20 20:00:00, 0, 0, 0, { }, {ok}
178074, 2025/10/20 20:15:00, 0, 0, 0, { }, {ok}
178075, 2025/10/20 20:30:00, 0, 0, 0, { }, {ok}
178076, 2025/10/20 20:45:00, 0, 0, 0, { }, {ok}
178077, 2025/10/20 21:00:00, 0, 0, 0, { }, {ok}
178078, 2025/10/20 21:15:00, 0, 0, 0, { }, {ok}
178079, 2025/10/20 21:30:00, 0, 0, 0, { }, {ok}
178080, 2025/10/20 21:45:00, 0, 0, 0, { }, {ok}
178081, 2025/10/20 22:00:00, 0, 0, 0, { }, {ok}
178082, 2025/10/20 22:15:00, 0, 0, 0, { }, {ok}
178083, 2025/10/20 22:30:01, 0, 0, 0, { }, {ok}
178084, 2025/10/20 22:45:00, 0, 0, 0, { }, {ok}
178085, 2025/10/20 23:00:00, 0, 0, 0, { }, {ok}
178086, 2025/10/20 23:15:00, 0, 0, 0, { }, {ok}
178087, 2025/10/20 23:30:00, 0, 0, 0, { }, {ok}
178088, 2025/10/20 23:45:00, 0, 0, 0, { }, {ok}
178089, 2025/10/21 00:00:00, 0, 0, 0, { }, {ok}
178090, 2025/10/21 00:15:00, 0, 0, 0, { }, {ok}
178091, 2025/10/21 00:30:00, 0, 0, 0, { }, {ok}
178092, 2025/10/21 00:45:01, 0, 0, 0, { }, {ok}
178093, 2025/10/21 01:00:00, 0, 0, 0, { }, {ok}
178094, 2025/10/21 01:15:00, 0, 0, 0, { }, {ok}
178095, 2025/10/21 01:30:01, 0, 0, 0, { }, {ok}
178096, 2025/10/21 01:45:01, 0, 0, 0, { }, {ok}
178221, 2025/10/21 02:00:00, 0, 0, 0, { }, {ok}
178222, 2025/10/21 02:15:00, 0, 0, 0, { }, {ok}
178223, 2025/10/21 02:30:00, 0, 0, 0, { }, {ok}
178224, 2025/10/21 02:45:01, 0, 0, 0, { }, {ok}
178225, 2025/10/21 03:00:00, 0, 0, 0, { }, {ok}
178226, 2025/10/21 03:15:00, 0, 0, 0, { }, {ok}
178227, 2025/10/21 03:30:01, 0, 0, 0, { }, {ok}
178228, 2025/10/21 03:45:00, 0, 0, 0, { }, {ok}
178229, 2025/10/21 04:00:00, 0, 0, 0, { }, {ok}
178230, 2025/10/21 04:15:00, 0, 0, 0, { }, {ok}
178231, 2025/10/21 04:30:00, 0, 0, 0, { }, {ok}
178232, 2025/10/21 04:45:00, 0, 0, 0, { }, {ok}
178233, 2025/10/21 05:00:00, 0, 0, 0, { }, {ok}
178234, 2025/10/21 05:15:00, 0, 0, 0, { }, {ok}
178235, 2025/10/21 05:30:00, 0, 0, 0, { }, {ok}
178236, 2025/10/21 05:45:00, 0, 0, 0, { }, {ok}
178237, 2025/10/21 06:00:00, 0, 0, 0, { }, {ok}
178238, 2025/10/21 06:15:00, 0, 0, 0, { }, {ok}
178239, 2025/10/21 06:30:00, 0, 0, 0, { }, {ok}
178240, 2025/10/21 06:45:00, 0, 0, 0, { }, {ok}
178241, 2025/10/21 07:00:00, 0, 0, 0, { }, {ok}
178242, 2025/10/21 07:15:00, 0, 0, 0, { }, {ok}
178243, 2025/10/21 07:30:00, 0, 0, 0, { }, {ok}
178244, 2025/10/21 07:45:00, 0, 0, 0, { }, {ok}
178245, 2025/10/21 08:00:00, 0, 0, 0, { }, {ok}
178246, 2025/10/21 08:15:01, 0, 0, 0, { }, {ok}
178247, 2025/10/21 08:30:00, 0, 0, 0, { }, {ok}
178248, 2025/10/21 08:45:00, 0, 0, 0, { }, {ok}
178249, 2025/10/21 09:00:00, 0, 0, 0, { }, {ok}
178250, 2025/10/21 09:15:01, 0, 0, 0, { }, {ok}
178251, 2025/10/21 09:30:00, 0, 0, 0, { }, {ok}
178252, 2025/10/21 09:45:00, 0, 0, 0, { }, {ok}
178253, 2025/10/21 10:00:00, 0, 0, 0, { }, {ok}
178254, 2025/10/21 10:15:01, 0, 0, 0, { }, {ok}
178255, 2025/10/21 10:30:00, 0, 0, 0, { }, {ok}
178256, 2025/10/21 10:45:00, 0, 0, 0, { }, {ok}
178257, 2025/10/21 11:00:00, 0, 0, 0, { }, {ok}
178258, 2025/10/21 11:15:00, 0, 0, 0, { }, {ok}
178259, 2025/10/21 11:30:01, 0, 0, 0, { }, {ok}
178260, 2025/10/21 11:45:00, 0, 0, 0, { }, {ok}
178261, 2025/10/21 12:00:00, 0, 0, 0, { }, {ok}
178262, 2025/10/21 12:15:01, 0, 0, 0, { }, {ok}
178263, 2025/10/21 12:30:00, 0, 0, 0, { }, {ok}
178264, 2025/10/21 12:45:00, 0, 0, 0, { }, {ok}
178265, 2025/10/21 13:00:00, 0, 0, 0, { }, {ok}
178266, 2025/10/21 13:15:00, 0, 0, 0, { }, {ok}
178267, 2025/10/21 13:30:00, 0, 0, 0, { }, {ok}
178268, 2025/10/21 13:45:00, 0, 0, 0, { }, {ok}
178269, 2025/10/21 14:00:01, 0, 0, 0, { }, {ok}
178270, 2025/10/21 14:15:00, 0, 0, 0, { }, {ok}
178271, 2025/10/21 14:30:00, 0, 0, 0, { }, {ok}
178272, 2025/10/21 14:45:00, 0, 0, 0, { }, {ok}
178273, 2025/10/21 15:00:00, 0, 0, 0, { }, {ok}
178274, 2025/10/21 15:15:00, 0, 0, 0, { }, {ok}
178275, 2025/10/21 15:30:00, 0, 0, 0, { }, {ok}
178276, 2025/10/21 15:45:00, 0, 0, 0, { }, {ok}
178277, 2025/10/21 16:00:00, 0, 0, 0, { }, {ok}
178278, 2025/10/21 16:15:00, 0, 0, 0, { }, {ok}
178279, 2025/10/21 16:30:00, 0, 0, 0, { }, {ok}
178280, 2025/10/21 16:45:00, 0, 0, 0, { }, {ok}
178281, 2025/10/21 17:00:01, 0, 0, 0, { }, {ok}
178282, 2025/10/21 17:15:00, 0, 0, 0, { }, {ok}
178283, 2025/10/21 17:30:00, 0, 0, 0, { }, {ok}
178284, 2025/10/21 17:45:00, 0, 0, 0, { }, {ok}
178285, 2025/10/21 18:00:00, 0, 0, 0, { }, {ok}
178286, 2025/10/21 18:15:00, 0, 0, 0, { }, {ok}
178287, 2025/10/21 18:30:00, 0, 0, 0, { }, {ok}
178288, 2025/10/21 18:45:00, 0, 0, 0, { }, {ok}
178289, 2025/10/21 19:00:00, 0, 0, 0, { }, {ok}
178290, 2025/10/21 19:15:00, 0, 0, 0, { }, {ok}
178291, 2025/10/21 19:30:00, 0, 0, 0, { }, {ok}
178292, 2025/10/21 19:45:00, 0, 0, 0, { }, {ok}
178293, 2025/10/21 20:00:00, 0, 0, 0, { }, {ok}
178294, 2025/10/21 20:15:00, 0, 0, 0, { }, {ok}
178295, 2025/10/21 20:30:00, 0, 0, 0, { }, {ok}
178296, 2025/10/21 20:45:00, 0, 0, 0, { }, {ok}
178297, 2025/10/21 21:00:00, 0, 0, 0, { }, {ok}
178298, 2025/10/21 21:15:00, 0, 0, 0, { }, {ok}
178299, 2025/10/21 21:30:00, 0, 0, 0, { }, {ok}
178300, 2025/10/21 21:45:00, 0, 0, 0, { }, {ok}
178301, 2025/10/21 22:00:01, 0, 0, 0, { }, {ok}
178302, 2025/10/21 22:15:00, 0, 0, 0, { }, {ok}
178303, 2025/10/21 22:30:00, 0, 0, 0, { }, {ok}
178304, 2025/10/21 22:45:00, 0, 0, 0, { }, {ok}
178305, 2025/10/21 23:00:00, 0, 0, 0, { }, {ok}
178306, 2025/10/21 23:15:00, 0, 0, 0, { }, {ok}
178307, 2025/10/21 23:30:00, 0, 0, 0, { }, {ok}
178308, 2025/10/21 23:45:01, 0, 0, 0, { }, {ok}
178309, 2025/10/22 00:00:00, 0, 0, 0, { }, {ok}
178310, 2025/10/22 00:15:00, 0, 0, 0, { }, {ok}
178311, 2025/10/22 00:30:00, 0, 0, 0, { }, {ok}
178312, 2025/10/22 00:45:00, 0, 0, 0, { }, {ok}
178313, 2025/10/22 01:00:00, 0, 0, 0, { }, {ok}
178314, 2025/10/22 01:15:00, 0, 0, 0, { }, {ok}
178315, 2025/10/22 01:30:00, 0, 0, 0, { }, {ok}
178316, 2025/10/22 01:45:00, 0, 0, 0, { }, {ok}
